image,name,country,years,house/party,excerpt
https://www.worldhistory.org/img/r/p/1000x1200/11682.jpg.webp?v=1771301303,Edward II,england,1307-1327,plantagenet,"Edward II inherited a militarily powerful but politically strained kingdom from Edward I and quickly developed a reputation for weak kingship, dependence on favorites, and inability to manage the English nobility. His closest companion, Piers Gaveston, received enormous influence and honors, provoking outrage among major barons who viewed Gaveston as arrogant and politically dangerous; repeated noble revolts eventually led to Gaveston's capture and execution. Edward's court became defined by factionalism, personal patronage, and growing distrust between crown and aristocracy.\n\nHis reign was dominated by failure in Scotland against Robert the Bruce, culminating in the disastrous Battle of Bannockburn, one of England's worst medieval defeats, which effectively secured Scottish independence for a generation and shattered Edward's military prestige. Simultaneously, England suffered the Great Famine of 1315–1317, economic hardship, lawlessness, and local disorder, further weakening confidence in royal authority. Edward later relied heavily on Hugh Despenser the Younger and the Despenser family, whose aggressive land seizures and monopolization of power alienated both nobles and the royal family.\n\nHis wife, Isabella of France, eventually allied with exiled noble Roger Mortimer and invaded England, rapidly toppling Edward's collapsing regime as support deserted him almost immediately. The Despensers were executed, Edward was forced to abdicate in favor of his son Edward III, and he died in captivity under mysterious circumstances, later surrounded by famous murder legends probably invented as propaganda. Edward became remembered as one of England's weakest medieval kings: militarily unsuccessful, politically isolated, and unable to control aristocratic rivalries, though his reign also accelerated the growing constitutional role of Parliament and remains historically significant for debates surrounding kingship, sexuality, favoritism, and royal legitimacy."
https://upload.wikimedia.org/wikipedia/commons/c/cb/Edward_I_-_Westminster_Abbey_Sedilia.jpg,Edward I,england,1272-1307,plantagenet,"Edward I, known as “Longshanks” and the “Hammer of the Scots,” was one of England's most formidable medieval rulers: aggressive soldier, skilled administrator, and relentless empire-builder who strengthened royal government while pursuing near-constant warfare. As a young prince he participated in the Ninth Crusade and survived the political chaos of the Second Barons' War against Simon de Montfort, experiences that shaped his distrust of rebellion and obsession with royal authority. He reformed English law, expanded Parliament for taxation and administration, improved royal finance and record-keeping, and issued major legal statutes that reshaped landholding, feudal obligations, and common law across England.\n\nEdward conquered Wales through brutal military campaigns against Llywelyn ap Gruffudd, permanently annexing it to the English crown and constructing an immense chain of castles including Caernarfon Castle and Conwy Castle to secure English domination. He later intervened in Scottish succession disputes after the death of Margaret, Maid of Norway and attempted to reduce Scotland to vassal status, triggering wars against leaders such as William Wallace and eventually Robert the Bruce. Edward won repeated military victories and captured Wallace, but Scotland remained unconquered at his death, leaving the conflict unresolved for his son.\n\nHis reign also carried a harsh authoritarian streak: heavy taxation, ruthless suppression of resistance, and the 1290 expulsion of England's Jewish population, one of the defining anti-Jewish acts of medieval English history. Personally austere, energetic, and intensely disciplined, Edward spent much of his life on campaign and transformed the English monarchy into a far more centralized and militarized institution. Later generations remembered him simultaneously as one of England's greatest warrior kings and as a severe, often merciless ruler whose ambitions laid the foundations for centuries of Anglo-Scottish conflict."
https://upload.wikimedia.org/wikipedia/commons/7/76/HenryIII.jpg,Henry III,england,1216-1272,plantagenet,"Henry III of England became king as a child during the collapse of royal authority caused by the rebellion against his father John, King of England and the crisis surrounding the First Barons' War. Early in his reign the monarchy survived largely through the leadership of regents such as William Marshal, 1st Earl of Pembroke, who restored stability and reissued the Magna Carta to secure noble support. Henry grew into a deeply pious, cultured, but politically weak ruler whose preference for foreign advisers, expensive building projects, and favoritism toward relatives from Poitou and Savoy alienated much of the English nobility.\n\nHenry invested enormous resources into religion and kingship symbolism, rebuilding Westminster Abbey into a grand Gothic royal shrine centered around devotion to Edward the Confessor. He repeatedly attempted costly and unsuccessful foreign ventures, including schemes to recover lost French territories and efforts to place his son on the throne of Sicily under papal sponsorship, which intensified baronial resentment over taxation and mismanagement. Tensions culminated in reform movements led by powerful nobles such as Simon de Montfort, who forced Henry to accept limitations on royal power through the Provisions of Oxford before open civil war erupted.\n\nThe resulting Second Barons' War briefly saw Henry captured by rebel forces after the Battle of Lewes while de Montfort effectively governed England in the king's name and summoned a parliament that later gained symbolic importance in English constitutional history. Henry's son, the future Edward I, eventually defeated the rebels and restored royal authority after the Battle of Evesham, where de Montfort was killed. Henry's long reign stabilized the monarchy after the disasters of King John but also exposed the growing inability of medieval English kings to govern without cooperation from the nobility, making his era central to the development of Parliament, constitutional conflict, and limits on royal authority."
https://upload.wikimedia.org/wikipedia/commons/4/41/Jan_tomb.jpg,John,england,1199-1216,plantagenet-angevin,"John, King of England, remembered as “John Lackland,” was one of England's most infamous medieval rulers: intelligent, administratively capable, but deeply mistrusted, politically ruthless, and catastrophically unsuccessful in war. Youngest son of Henry II of England and brother of Richard I of England, he inherited the Angevin Empire during a period of intense conflict with Philip II of France. Through military defeats, failed diplomacy, and alienation of key nobles, John lost Normandy and much of the English crown's continental possessions, permanently weakening England's position in France and transforming the monarchy from a cross-Channel empire into a more England-centered kingdom.\n\nJohn's reign became defined by heavy taxation, aggressive exploitation of feudal law, arbitrary justice, hostage-taking, and constant financial demands used to fund unsuccessful wars. Although administratively sophisticated and effective at expanding royal bureaucracy, he developed a reputation among contemporaries for cruelty, suspicion, and vindictiveness toward both nobles and family members, including accusations surrounding the disappearance and probable murder of his nephew Arthur I, Duke of Brittany. He also entered into a major conflict with Pope Innocent III over the appointment of the Archbishop of Canterbury, leading to England being placed under interdict and John himself briefly excommunicated before ultimately surrendering and accepting England as a papal fief.\n\nMilitary disaster against France and escalating noble rebellion eventually forced John to accept the Magna Carta at Runnymede, a document intended to limit arbitrary royal power and protect baronial rights. John almost immediately sought to overturn it, triggering the First Barons' War as rebel barons invited the future Louis VIII of France to invade England. John died during the conflict amid military collapse and widespread rebellion, leaving the throne to his young son Henry III of England. Later medieval tradition and popular culture, especially the Robin Hood legends, turned John into the archetypal bad king: tyrannical, greedy, treacherous, and politically incompetent, though modern historians often note his considerable intelligence and administrative skill beneath the failures that destroyed his reputation."
https://upload.wikimedia.org/wikipedia/commons/6/6b/Church_of_Fontevraud_Abbey_Richard_I_effigy.jpg,Richard I,england,1189-1199,plantagenet-angevin,"Richard I of England, known as “Richard the Lionheart,” became one of medieval Europe's most legendary warrior kings: charismatic crusader, brilliant battlefield commander, and symbol of chivalric kingship, though he spent remarkably little time in England and treated the kingdom largely as a source of revenue for war. Son of Henry II of England and Eleanor of Aquitaine, Richard grew up amid the turbulent Angevin Empire and repeatedly rebelled against his father alongside his brothers, eventually allying with Philip II of France to force Henry II's submission. Personally courageous, highly educated, and obsessed with knightly warfare, Richard quickly gained fame for military skill in France before inheriting one of the largest political domains in western Europe.\n\nHis reign was dominated almost entirely by the Third Crusade against Saladin following the fall of Jerusalem. Richard captured Cyprus, won major victories such as the Battle of Arsuf, and established himself as the most feared Christian commander of the crusade, though he ultimately failed to retake Jerusalem. His rivalry and negotiations with Saladin became legendary in both European and Islamic traditions, contributing enormously to his later romantic reputation. Returning from crusade, Richard was captured by Leopold V, Duke of Austria and handed to Henry VI, Holy Roman Emperor, requiring an immense ransom that heavily taxed England and strained royal finances.\n\nAfter release, Richard spent most of the remainder of his life fighting Philip II of France to defend Angevin territories in France, rarely visiting England at all. He died from a crossbow wound during the siege of Châlus-Chabrol, leaving the throne to his brother John, King of England. Richard's posthumous image became that of the ideal crusading monarch: fearless, martial, and heroic, central to later medieval romance and nationalist mythology, though modern historians often emphasize the immense financial burden of his wars, his limited interest in governing England directly, and the fragility of the empire he left behind."
https://upload.wikimedia.org/wikipedia/commons/5/58/Henry_II_Illumination.jpg,Henry II,england,1154-1189,plantagenet-angevin,"Henry II of England founded the Angevin Empire and transformed the English monarchy into one of the most powerful and administratively sophisticated states in medieval Europe. Son of Geoffrey Plantagenet, Count of Anjou and Empress Matilda, Henry emerged from the chaos of the civil war known as The Anarchy, where Matilda fought Stephen, King of England for control of England. Through inheritance, conquest, and marriage to Eleanor of Aquitaine, Henry controlled a vast territory stretching from Scotland to the Pyrenees, making him far more powerful territorially than the king of France himself.\n\nHenry was intensely energetic, intelligent, and relentless in administration, spending much of his reign traveling constantly across his domains to enforce royal authority. He greatly expanded royal courts, strengthened common law, increased use of juries and itinerant judges, and laid foundations for the English legal system that endured for centuries. His efforts to subordinate the Church to royal justice brought him into famous conflict with Thomas Becket, once his close ally but later defender of ecclesiastical independence. After years of escalating tension, four knights interpreted Henry's angry outburst as a command and murdered Becket inside Canterbury Cathedral, shocking Christian Europe and forcing Henry into public penance while turning Becket into one of medieval England's greatest saints.\n\nDespite immense power, Henry's later reign became consumed by dynastic rebellion and family conflict. His sons — Henry the Young King, Richard I of England, and John, King of England — repeatedly revolted against him, often supported by Eleanor and encouraged by Philip II of France. The constant wars exhausted Henry emotionally and politically, and he died after learning that even John, his favorite son, had betrayed him. Henry left behind an enormously strengthened monarchy and a legal-administrative revolution that permanently reshaped English governance, but also a fragile continental empire whose internal rivalries and overextension would unravel under his successors."
https://upload.wikimedia.org/wikipedia/commons/d/d6/StephenatLincoln.jpg,Stephen,england,1135-1154,blois,"Stephen, King of England seized the English throne after the death of his uncle Henry I of England despite earlier oaths supporting Henry's daughter Empress Matilda as heir, triggering one of the most chaotic succession crises in English history. Initially popular, generous, and personally brave, Stephen gained support from many nobles and the Church because England's political elite were reluctant to accept a female ruler and feared Angevin influence through Matilda's husband Geoffrey Plantagenet, Count of Anjou. His reign soon collapsed into prolonged civil war known as The Anarchy, marked by shifting alliances, private warfare, castle-building, famine, and the near breakdown of central royal authority.\n\nStephen proved courageous in battle but politically inconsistent, often unable to control ambitious nobles who exploited the conflict for personal power. Matilda invaded England with support from her half-brother Robert, 1st Earl of Gloucester and at one point captured Stephen after the Battle of Lincoln, briefly appearing close to securing the crown herself. However, Matilda's political unpopularity in London and the capture of Robert led to a prisoner exchange that restored Stephen to the throne. The war dragged on for years as neither side achieved decisive dominance, devastating parts of England and weakening faith in royal government.\n\nLate in the conflict, the rise of Matilda's son Henry II of England changed the political balance. After Stephen's own son died, both factions negotiated the Treaty of Wallingford, allowing Stephen to remain king while recognizing Henry as heir, effectively ending the civil war. Stephen died shortly afterward, remembered as a decent but weak ruler whose inability to impose authority allowed England to descend into disorder, yet whose eventual compromise prevented further collapse and enabled the rise of the powerful Angevin monarchy under Henry II."
https://upload.wikimedia.org/wikipedia/commons/9/9c/Worcester_chronicle_-_Henry_I_in_a_hulk.png,Henry I,england,1100-1135,normandy,"Henry I of England, youngest son of William the Conqueror, seized the English throne rapidly after the death of his brother William II of England and proved one of the most capable and administratively sophisticated rulers of the Norman dynasty. Intelligent, highly educated, and politically calculating, Henry strengthened royal finance, expanded centralized government, and developed institutions such as the Exchequer that became foundations of later English administration. To secure legitimacy he issued the Charter of Liberties, presenting himself as a corrective to earlier abuses, and married Matilda of Scotland, linking the Norman monarchy with the old Anglo-Saxon royal line.\n\nHenry spent much of his reign consolidating control over both England and Normandy while suppressing repeated rebellions from nobles and rivals, including conflicts with his older brother Robert Curthose, whom he ultimately defeated and imprisoned for the rest of his life. He became known for efficient but harsh rule: heavy taxation, strict royal justice, extensive use of royal officials, and ruthless punishment against disloyalty. Henry also maintained tense but pragmatic relations with the Church during the wider European Investiture Controversy, balancing papal demands with royal authority over bishops and appointments.\n\nThe greatest disaster of his reign came with the White Ship disaster, which killed his only legitimate son William Adelin and shattered the succession. Henry forced the nobility to swear loyalty to his daughter Empress Matilda, but after his death many barons instead supported his nephew Stephen, King of England, triggering the civil war known as The Anarchy. Henry left behind a far stronger and wealthier monarchy than he inherited, but his failure to secure a stable succession plunged England into one of the most destructive political crises of the medieval period."
https://upload.wikimedia.org/wikipedia/commons/9/92/William_II_of_England.jpg,William II,england,1087-1100,normandy,"William II of England, known as “William Rufus” for his red complexion, was the third son of William the Conqueror and inherited England while his older brother Robert Curthose received Normandy, creating immediate rivalry between the brothers and instability across the Norman world. William proved an aggressive, energetic, and militarily capable ruler who spent much of his reign suppressing rebellions, fighting in Normandy, and expanding royal authority. Unlike his father, he developed a reputation for flamboyance, irreligion, harsh taxation, and open conflict with the Church, alienating many chroniclers who portrayed him as arrogant, immoral, and tyrannical.\n\nHis reign was marked by constant warfare and financial extraction used to support campaigns against rebellious nobles, the Welsh, and rival claimants in Normandy. William relied heavily on loyal administrators and royal officials while exploiting vacant bishoprics and abbeys to seize Church revenues, intensifying disputes with leading clergy including Anselm of Canterbury, whose clashes with the king reflected wider tensions between secular and ecclesiastical authority in medieval Europe. Personally charismatic and physically imposing, William was admired by soldiers and feared by opponents, though rumors surrounding his court, lack of marriage, and close male companions later generated speculation about his sexuality.\n\nWilliam died suddenly while hunting in the New Forest after being struck by an arrow under mysterious circumstances, one of the most famous and suspicious royal deaths in English history. His younger brother Henry I of England moved immediately to seize the treasury and crown before Robert Curthose could react, ensuring the continuation of Norman rule in England. William Rufus was remembered as a powerful but deeply controversial monarch: militarily effective and politically forceful, yet condemned by medieval writers as impious, greedy, and morally corrupt, with his reign illustrating the increasingly centralized and financially demanding nature of Norman kingship."
https://upload.wikimedia.org/wikipedia/commons/3/34/William_the_Conqueror_%28TFA%29.jpg,William I,england,1066-1087,normandy,"William the Conqueror, originally Duke of Normandy, transformed English history through the Norman Conquest and became one of the most consequential rulers in medieval Europe. Born illegitimate and forced to survive violent noble rivalries in Normandy from childhood, William developed into a ruthless, highly disciplined military leader who consolidated Norman power before claiming the English throne through a disputed promise allegedly made by Edward the Confessor. After Harold Godwinson seized the crown, William invaded England and won the decisive Battle of Hastings, where Harold was killed and Anglo-Saxon rule effectively collapsed.\n\nWilliam spent much of his reign crushing rebellions and securing Norman domination over a hostile kingdom. He redistributed English land to Norman nobles, replaced much of the Anglo-Saxon elite, built massive castle networks such as Tower of London, and introduced a more militarized feudal aristocracy tied directly to the crown. Resistance remained intense, especially in northern England, where William responded with the brutal “Harrying of the North,” devastating entire regions through mass destruction and starvation. He also maintained close control over the Church, appointing Norman bishops and abbots while reshaping England culturally, linguistically, and politically under Norman influence.\n\nWilliam commissioned the Domesday Book, an enormous administrative survey cataloging landownership, wealth, and taxation across England that demonstrated the extraordinary reach of royal government. His reign permanently altered the English aristocracy, language, architecture, military organization, and relationship with continental Europe, binding England far more closely to French political culture for centuries. Though admired for military brilliance and state-building, William was also feared for his severity, relentless warfare, and harsh suppression of resistance, leaving behind a centralized but deeply traumatized kingdom whose identity had been fundamentally transformed by conquest."
https://upload.wikimedia.org/wikipedia/commons/d/de/Edward_III_of_England_%28Order_of_the_Garter%29.jpg,Edward III,england,1327-1377,plantagenet,"Edward III restored the prestige of the English monarchy after the disasters of his father Edward II and became one of medieval England's greatest warrior kings: ambitious, charismatic, politically skilled, and central to the rise of England as a major military power. Initially dominated by his mother Isabella of France and her ally Roger Mortimer after Edward II's overthrow, Edward seized power personally in a coup, executed Mortimer, and reasserted royal authority while carefully rebuilding relations with the nobility. He cultivated ideals of chivalry and martial kingship, founding the Order of the Garter and surrounding himself with a celebrated warrior aristocracy.\n\nEdward's reign became dominated by the opening phase of the Hundred Years' War against Philip VI of France and the Valois dynasty after Edward claimed the French throne through his mother's lineage. English armies achieved astonishing victories at the Battle of Crécy and Battle of Poitiers, where Edward's son Edward the Black Prince captured John II of France. These campaigns established the dominance of English longbow tactics and created a powerful image of English military superiority. Edward also expanded English influence into Scotland and maintained one of the most internationally respected courts in Europe.\n\nHis reign was deeply shaped by the Black Death, which devastated England's population, economy, labor system, and social order. The resulting labor shortages contributed to major economic change and increasing tension between elites and commoners. In Edward's later years military momentum declined, government corruption increased, and factions emerged around powerful courtiers such as Alice Perrers and surviving royal princes. By the time of his death much of the earlier wartime success had begun to unravel, but Edward remained remembered as the archetypal medieval warrior king whose reign shaped English nationalism, parliamentary taxation, military identity, and the dynastic struggle with France that defined late medieval England."
https://upload.wikimedia.org/wikipedia/commons/c/c5/The_Westminster_Portrait_of_Richard_II_of_England_%281390s%29.jpg,Richard II,england,1377-1399,plantagenet,"Richard II of England inherited the throne as a child after the death of his grandfather Edward III during a period of military strain, economic disruption after the Black Death, and growing social tension caused by taxation and the ongoing Hundred Years' War. Intelligent, artistic, highly conscious of royal majesty, and deeply influenced by ideas of sacred kingship, Richard developed a far more ceremonial and authoritarian vision of monarchy than many earlier English kings. Early in his reign he became famous for confronting the Peasants' Revolt, where rebels led by Wat Tyler marched on London demanding tax relief, an end to serfdom, and punishment of corrupt officials. Richard initially handled the crisis with notable courage and diplomacy, but once control was restored the rebellion was violently suppressed.\n\nAs Richard matured, conflict intensified between the king and sections of the nobility, especially a group of magnates known as the Lords Appellant, who accused Richard's favorites and advisers of corruption and misgovernment. Richard never forgot the humiliation of being politically constrained and later exacted revenge on many former opponents, increasingly ruling through intimidation, selective prosecutions, confiscations, and personal loyalty rather than consensus politics. His court became known for elaborate ceremony, artistic patronage, and cultivation of royal mystique, but critics viewed him as vain, vindictive, financially exploitative, and dangerously detached from traditional aristocratic expectations.\n\nRichard's downfall came after he exiled his cousin Henry IV of England, then seized his inheritance upon the death of John of Gaunt. While Richard campaigned in Ireland, Henry returned to England, rapidly gathered noble support, and presented himself as defender of lawful government against tyranny. Richard was captured, forced to abdicate, and likely murdered in captivity soon afterward, ending the direct senior line of Edward III. His deposition permanently damaged the principle of hereditary monarchy and opened the dynastic instability that later contributed to the Wars of the Roses. Richard remains one of England's most psychologically complex medieval kings: cultured and intellectually sophisticated, yet politically isolated, autocratic, and ultimately unable to reconcile personal monarchy with the expectations of the English political elite."
https://upload.wikimedia.org/wikipedia/commons/2/2c/Illumination_of_Henry_IV_%28cropped%29.jpg,Henry IV,england,1399-1413,lancaster,"Henry IV of England became the first Lancastrian king after overthrowing his cousin Richard II of England, an act that permanently destabilized English succession politics and weakened the traditional principle of hereditary monarchy. Son of John of Gaunt and grandson of Edward III, Henry initially returned from exile claiming only his confiscated inheritance, but rapidly gathered noble support against Richard's increasingly authoritarian rule. After Richard's capture and forced abdication, Henry seized the crown despite possessing a disputed dynastic claim, creating lingering questions about legitimacy that haunted the Lancastrian dynasty for generations.\n\nHis reign was dominated by rebellion, insecurity, and constant efforts to defend his usurpation. Major uprisings erupted across the kingdom, including Welsh revolt under Owain Glyndŵr, which became the last major Welsh war of independence, and aristocratic rebellions led by the powerful Percy family, especially Henry Percy known as “Hotspur.” Henry defeated Hotspur at the Battle of Shrewsbury in one of medieval England's bloodiest battles, but unrest continued for much of his reign as regional instability, noble factionalism, and financial exhaustion strained the monarchy. He also faced recurring conflict with France and Scotland while struggling with chronic illness later in life.\n\nHenry relied heavily on Parliament for taxation and political support, accelerating its role in national government as the crown increasingly depended on broader elite cooperation. Personally capable, politically pragmatic, and militarily experienced from crusading and earlier campaigns, Henry nevertheless ruled under the constant shadow of insecurity created by Richard II's deposition. His seizure of power ultimately set a dangerous precedent: if one king could be removed and replaced by force, future claimants could justify doing the same. Though he stabilized England sufficiently for the survival of the Lancastrian regime and prepared the way for the successes of his son Henry V of England, his reign marked the beginning of the dynastic tensions that would eventually erupt into the Wars of the Roses."
https://upload.wikimedia.org/wikipedia/commons/a/a7/Henry_V_Miniature.jpg,Henry V,england,1413-1422,lancaster,"Henry V of England became one of England's most celebrated warrior kings: disciplined, charismatic, politically shrewd, and remembered as the peak figure of Lancastrian monarchy. Son of Henry IV of England, Henry spent his youth fighting rebellions against the crown, including campaigns against Owain Glyndŵr and the Percy family, experiences that forged his military reputation early. After becoming king he worked quickly to reconcile factions divided by his father's usurpation of Richard II of England, presenting himself as a unifying and divinely favored ruler while reviving English claims to France during the Hundred Years' War.\n\nHenry launched a massive invasion of France and achieved legendary status after the Battle of Agincourt, where his exhausted and outnumbered army devastated the French nobility through disciplined tactics and overwhelming longbow fire. The victory transformed him into a symbol of English martial identity and shattered the prestige of the French aristocracy during a period of internal French civil conflict between Armagnac and Burgundian factions. Henry followed Agincourt with systematic conquest in Normandy, capturing major cities and forcing the weakened French monarchy under Charles VI of France into the Treaty of Troyes, which recognized Henry as heir to the French throne and arranged his marriage to Catherine of Valois.\n\nAt the height of his power Henry appeared close to uniting the crowns of England and France under a single dynasty, but he died unexpectedly during campaign in France, probably from disease, leaving only an infant son, Henry VI of England. His early death destroyed the fragile political structure he had built and allowed English fortunes in France to gradually collapse. Later generations elevated Henry into the archetype of the heroic medieval king — pious, disciplined, militarily brilliant, and personally courageous — especially through Henry V, though modern historians also emphasize the brutality of his campaigns, harsh treatment of conquered territories, and the unsustainable nature of England's continental ambitions."
https://upload.wikimedia.org/wikipedia/commons/e/e4/Henry_VI_of_England%2C_Shrewsbury_book.jpg,Henry VI,england,1422-1461,lancaster,"Henry VI of England inherited the crowns of England and, nominally, France as an infant after the death of his father Henry V of England at the height of English power during the Hundred Years' War. Unlike his warrior father, Henry grew into a deeply pious, gentle, and intellectually passive ruler more interested in religion and scholarship than politics or war. His minority government was dominated by rival regents and nobles, especially his uncles Humphrey, Duke of Gloucester and John, Duke of Bedford, while England's position in France steadily weakened under pressure from revived French nationalism and the rise of Joan of Arc supporting Charles VII of France.\n\nHenry's reign became defined by military collapse abroad and political factionalism at home. English territories in France were gradually lost despite enormous financial sacrifice, ending the dream created by Henry V's victories. At court, rival noble factions competed for influence over the weak king, especially supporters of Richard, Duke of York and the powerful Lancastrian faction centered around Henry's wife Margaret of Anjou. Henry suffered repeated mental breakdowns, at times becoming almost completely unresponsive, leaving government paralyzed and intensifying fears over succession and legitimacy. His inability to control noble rivalries, enforce authority, or stabilize finances pushed England toward political collapse.\n\nThese tensions erupted into the Wars of the Roses between the rival houses of Lancaster and York, conflicts that devastated the English aristocracy for decades. Henry was repeatedly deposed, restored, imprisoned, and used as a symbolic figurehead by competing factions while stronger personalities dominated events around him. Eventually the Yorkists under Edward IV of England secured power, and Henry died in captivity in the Tower of London, almost certainly murdered. Though politically disastrous and often viewed as one of England's weakest kings, Henry was personally regarded as unusually devout and charitable, later gaining a quasi-saintly reputation among some supporters and founding enduring institutions such as Eton College and King's College, Cambridge."
https://upload.wikimedia.org/wikipedia/commons/4/48/King_Edward_IV.jpg,Edward IV,england,1461-1483,york,"Edward IV of England was the first Yorkist king and one of the most formidable political and military figures of the Wars of the Roses, combining battlefield charisma, political pragmatism, and physical presence with ruthless determination. Son of Richard, Duke of York, Edward emerged as leader of the Yorkist cause after his father's death in conflict against the Lancastrians supporting Henry VI of England and Margaret of Anjou. Tall, energetic, and personally courageous, Edward secured the throne through decisive victories including the extraordinarily bloody Battle of Towton, one of the largest and deadliest battles ever fought on English soil.\n\nEdward initially relied heavily on his cousin and chief ally Richard Neville, 16th Earl of Warwick, the famous “Kingmaker,” but their relationship collapsed after Edward secretly married Elizabeth Woodville rather than pursuing a politically advantageous foreign alliance. The rapid rise of the Woodville family angered many nobles and contributed to renewed civil war as Warwick allied with the restored Lancastrians. Edward was briefly overthrown and forced into exile while Henry VI was temporarily restored, but Edward returned, defeated Warwick at the Battle of Barnet, crushed Lancastrian resistance at Tewkesbury, and likely oversaw the final elimination of Henry VI soon afterward.\n\nAfter consolidating power, Edward governed more effectively and peacefully than many expected from a civil war monarch, restoring royal finances, strengthening trade, and reducing dependence on Parliament through improved crown revenues. His court became known for wealth, magnificence, and growing Renaissance influence, though Edward himself gained a reputation for womanizing, luxury, and political opportunism. His sudden death left the throne to his young son Edward V of England, creating a succession crisis quickly exploited by Edward's brother Richard III of England. Edward IV remains remembered as the Yorkist king who decisively broke Lancastrian power and restored relative stability after decades of civil war, though the unresolved succession he left behind directly contributed to the dynasty's eventual collapse."
https://upload.wikimedia.org/wikipedia/commons/f/f3/King_Edward_V_from_NPG.jpg,Edward V,england,1483-1483,york,"Edward V of England became king as a child after the sudden death of his father Edward IV of England during the fragile aftermath of the Wars of the Roses. His accession immediately triggered a struggle for control between the powerful Woodville family — relatives of his mother Elizabeth Woodville — and his uncle Richard III of England, who had been appointed Lord Protector. As Edward traveled toward London for his coronation, Richard intercepted the royal party, arrested key Woodville allies, and gradually consolidated authority around the young king.\n\nEdward and his younger brother Richard of Shrewsbury, Duke of York were placed in the Tower of London, officially awaiting coronation preparations, but Richard soon declared Edward IV's marriage invalid and claimed the princes were illegitimate. Richard then seized the throne himself, becoming Richard III, while the two boys disappeared from public view entirely. Their fate became one of the greatest mysteries in English history: most historians believe the “Princes in the Tower” were murdered, probably to eliminate rival claimants, though responsibility remains debated and alternative theories persisted for centuries.\n\nBecause Edward V was never crowned and ruled only briefly in name, his historical importance comes less from governance than from the constitutional and dynastic crisis surrounding his disappearance. The suspected murder of the princes permanently damaged Richard III's legitimacy and became powerful Yorkist and later Tudor propaganda, especially under Henry VII of England. Edward's fate came to symbolize the brutality and instability of late medieval dynastic politics, where child kings, disputed legitimacy, and aristocratic ambition could rapidly lead to disappearance, deposition, and probable assassination."
https://upload.wikimedia.org/wikipedia/en/b/b3/Richard_III_Royal_Collection.jpg,Richard III,england,1483-1485,york,"Richard III of England was the last Yorkist king and the final English monarch killed in battle, ruling during the violent closing phase of the Wars of the Roses. Younger brother of Edward IV of England, Richard built a reputation as an able military commander, loyal supporter of the Yorkist cause, and effective administrator in northern England before becoming Lord Protector for his nephew Edward V of England after Edward IV's death. Richard quickly moved against the Woodville family, arrested rivals, and declared Edward IV's children illegitimate on the grounds of an alleged precontracted marriage, allowing him to seize the throne himself.\n\nHis reign was immediately overshadowed by the disappearance of Edward V of England and his brother Richard of Shrewsbury, Duke of York, the famous “Princes in the Tower,” who vanished while imprisoned in the Tower of London. Most contemporaries and later historians suspected they had been murdered to secure Richard's claim, permanently damaging his legitimacy even though direct proof never emerged. Despite this reputation, Richard attempted significant legal and administrative reforms, improving access to royal justice, limiting certain forms of corruption, and promoting use of English in legal proceedings. Personally courageous, intelligent, and militarily experienced, he nevertheless struggled to maintain support amid lingering dynastic instability and noble distrust.\n\nOpposition eventually united around Henry VII of England, a distant Lancastrian claimant backed by disaffected nobles and foreign support. Richard was killed at the Battle of Bosworth Field after personally leading a final cavalry charge against Henry, ending Plantagenet rule and bringing the Tudor dynasty to power. Later Tudor propaganda — especially Richard III — portrayed Richard as a physically deformed, murderous tyrant and archetypal villain, an image that dominated popular memory for centuries. Modern historians have reevaluated him more sympathetically as a capable but politically doomed ruler whose reign was destroyed by the unresolved succession crises and factional violence of late medieval England."
https://upload.wikimedia.org/wikipedia/commons/0/0d/Enrique_VII_de_Inglaterra%2C_por_un_artista_an%C3%B3nimo.jpg,Henry VII,england,1485-1509,tudor,"Henry VII of England founded the Tudor dynasty after defeating Richard III of England at the Battle of Bosworth Field, ending decades of dynastic civil war during the Wars of the Roses. His claim to the throne was relatively weak, descending through the illegitimate Beaufort line from John of Gaunt, but victory in battle and marriage to Elizabeth of York united the rival houses of Lancaster and York symbolically under the Tudor regime. Cautious, calculating, and politically disciplined, Henry spent much of his reign securing legitimacy and preventing renewed civil conflict.\n\nHenry faced repeated threats from Yorkist pretenders including Lambert Simnel and Perkin Warbeck, both of whom gained foreign backing and exploited lingering instability after the civil wars. In response Henry developed a highly controlled monarchy centered on financial management, surveillance of the nobility, and strict enforcement of royal authority. He expanded the use of bonds, recognizances, and legal penalties to keep nobles politically dependent and prevent the rise of overmighty aristocratic factions that had destabilized earlier reigns. Unlike many medieval warrior kings, Henry avoided costly foreign wars whenever possible, preferring diplomacy, trade agreements, dynastic marriages, and accumulation of royal wealth.\n\nHis reign restored financial stability to the crown after generations of warfare and strengthened centralized government, laying foundations for the powerful Tudor state later expanded by Henry VIII of England. Henry also promoted commerce, improved royal administration, and secured important alliances through marriages involving his children, including the future union of England and Scotland through his daughter Margaret Tudor. Though often criticized as miserly, suspicious, and financially oppressive, Henry VII brought political order after prolonged chaos and transformed the monarchy from a fragile warlord kingship into a more stable, bureaucratic, and financially secure institution."
https://upload.wikimedia.org/wikipedia/commons/f/f9/After_Hans_Holbein_the_Younger_-_Portrait_of_Henry_VIII_-_Google_Art_Project.jpg,Henry VIII,england,1509-1547,tudor,"Henry VIII of England was one of the most consequential and transformative English monarchs, reshaping religion, state power, and dynastic politics through a highly personal and politically volatile reign. Son of Henry VII of England and Elizabeth of York, he inherited a financially strengthened but politically tightly controlled Tudor state and initially appeared as a Renaissance ideal of kingship: athletic, educated, charismatic, and enthusiastic about diplomacy, court culture, and martial display. Early in his reign he aligned closely with European politics through wars against France and Scotland, while relying on advisers such as Thomas Wolsey to manage governance and international negotiation.\n\nThe defining transformation of Henry's reign was the break with the Roman Church during the English Reformation, triggered largely by his desire to annul his marriage to Catherine of Aragon in favor of Anne Boleyn and the need for a male heir. When Pope authority refused, Henry asserted royal supremacy over the English Church, dissolving monasteries, confiscating vast ecclesiastical wealth, and permanently severing institutional ties with Rome. This created the Church of England and massively expanded royal power over religious life, land ownership, and political legitimacy. The religious upheaval reshaped English society, producing deep and lasting confessional divisions.\n\nHenry's personal life was politically central and dynastically unstable, involving six marriages and intense court factionalism, with successive queens including Jane Seymour, Anne of Cleves, Catherine Howard, and Catherine Parr. He produced heirs Edward VI of England, Mary I of England, and Elizabeth I of England, whose succession struggles would later define Tudor politics. Later in his reign Henry became more authoritarian, suspicious, and politically harsh, relying on ministers such as Thomas Cromwell to centralize power, enforce religious conformity, and suppress dissent. His legacy is one of dramatic institutional rupture: the creation of an independent English church, consolidation of royal supremacy, and a state increasingly defined by centralized authority, religious transformation, and dynastic uncertainty."
https://upload.wikimedia.org/wikipedia/commons/e/e5/Circle_of_William_Scrots_Edward_VI_of_England.jpg,Edward VI,england,1547-1553,tudor,"Edward VI of England was a child king whose short reign was dominated entirely by regency government and rapid Protestant reform following the death of his father Henry VIII of England. Son of Jane Seymour, Edward inherited a kingdom already transformed by the English Reformation and the establishment of the Church of England, but under Edward these changes accelerated sharply toward a more doctrinally Protestant identity. Because of his youth and illness, real power was held by regents, first Edward Seymour, Duke of Somerset and later John Dudley, Duke of Northumberland, whose rivalry shaped the political direction of the kingdom.\n\nUnder Somerset, England pursued costly and destabilizing wars with Scotland during the “Rough Wooing,” attempting to secure a marriage between Edward and Mary, Queen of Scots. Military campaigns culminated in events such as the Battle of Pinkie Cleugh, but failed to achieve lasting control, while internal unrest such as the Prayer Book Rebellion revealed deep resistance to religious change. Under Northumberland, government became more centralized and fiscally strict, while Protestant theology was embedded through reforms like the Book of Common Prayer and doctrinal consolidation led by figures such as Thomas Cranmer. These reforms pushed England further from Catholicism and entrenched a distinctly English Protestant identity.\n\nEdward himself was highly intelligent, devoutly Protestant, and intellectually precocious but physically frail, likely suffering from tuberculosis, which ultimately caused his early death. His reign ended in a succession crisis when Northumberland attempted to place Lady Jane Grey on the throne to preserve Protestant control, bypassing Edward's half-sisters Mary I of England and Elizabeth I of England. This failed, leading to Mary's accession and the collapse of Edward's religious settlement. Edward VI is remembered as a pivotal transitional monarch whose brief reign permanently reshaped English religion, even though he never exercised independent political power."
https://upload.wikimedia.org/wikipedia/commons/8/87/Streathamladyjayne.jpg,Jane Grey,england,1553-1553,grey,"Lady Jane Grey was a highly educated noblewoman placed at the center of a failed succession scheme at the end of the Tudor crisis following the death of Edward VI of England. A great-granddaughter of Henry VII of England, she was promoted by the regime of John Dudley, Duke of Northumberland as a Protestant successor to prevent the accession of the Catholic Mary I of England. Jane was proclaimed queen under political pressure rather than personal ambition, within a highly unstable environment shaped by religious division created during the English Reformation.\n\nHer brief claim collapsed rapidly as key nobles and public support shifted toward Mary, whose legitimacy as Henry VIII's daughter proved decisive. Mary entered London with widespread backing, while Jane's supporters abandoned her without major military conflict. She was deposed after only days and imprisoned in the Tower of London, where she became a symbolic figure in the broader struggle between Protestant and Catholic factions in England. Her husband Lord Guildford Dudley and her father Henry Grey, Duke of Suffolk were also arrested, reflecting the collapse of Northumberland's entire political project.\n\nInitially spared, Jane was later executed after being implicated in further political resistance against Mary's rule, particularly following rebellions associated with Protestant opposition and foreign intervention fears. Her death marked the end of the most fragile succession attempt in Tudor history and reinforced the dangers of factional manipulation of hereditary legitimacy. Later Protestant writers elevated her image as the “Nine Days' Queen,” portraying her as a tragic, learned, and unwilling victim of dynastic and religious politics. She remains a symbol of how ideological conflict, noble ambition, and succession uncertainty converged in mid-Tudor England."
https://upload.wikimedia.org/wikipedia/commons/6/6e/Maria_Tudor1.jpg,Mary I,england,1553-1558,tudor,"Mary I of England, the first crowned queen regnant of England, was the daughter of Henry VIII of England and Catherine of Aragon, whose legitimacy was severely disrupted by the English Reformation and her father's annulment of her parents' marriage. Raised as a devout Catholic and politically isolated during her father's later reign and the Protestant regime of her half-brother Edward VI of England, Mary's claim to the throne became a focal point of religious and dynastic conflict after Edward's death, when she outmaneuvered the attempt to install Lady Jane Grey and secured widespread support upon entering London.\n\nHer reign was defined by an aggressive attempt to reverse England's Protestant transformation and restore papal authority, reuniting the kingdom with Rome and reinstating Catholic doctrine and clerical structures. This religious reversal was accompanied by intense persecution of leading Protestant figures, during which many were executed for heresy, earning Mary the later epithet “Bloody Mary” in Protestant historiography. The religious settlement she pursued aligned England once more with continental Catholic powers, reinforced by her politically significant marriage to Philip II of Spain, though the union was deeply unpopular in England and produced no heir, intensifying fears of foreign influence and dynastic instability.\n\nMilitarily and politically, Mary faced setbacks, most notably the loss of Calais, England's last continental possession, during conflict with France, which became a major symbolic blow to national prestige. Her health deteriorated in the later years of her reign, compounded by repeated false pregnancies that deepened succession anxiety. Upon her death, the crown passed to her half-sister Elizabeth I of England, whose accession reversed Mary's religious policies and reestablished Protestant supremacy. Mary's legacy remains sharply divided: in Catholic memory she was a legitimate restorer of the faith, while in Protestant and later English tradition she is remembered as a persecutor; historically, she represents a pivotal but unstable attempt to reverse the structural religious transformation initiated under Henry VIII."
https://upload.wikimedia.org/wikipedia/commons/a/af/Darnley_stage_3.jpg,Elizabeth I,england,1558-1603,tudor,"Elizabeth I of England inherited a deeply unstable kingdom after the religious reversals of her half-sister Mary I of England and the broader turmoil of the English Reformation. Daughter of Henry VIII of England and Anne Boleyn, her legitimacy had been repeatedly questioned during her youth, yet she emerged as a highly educated, politically cautious, and strategically brilliant ruler. Elizabeth restored the Church of England under a carefully calibrated settlement that avoided extreme Catholic or radical Protestant positions, stabilizing religious conflict through compromise while asserting strong royal supremacy over the church.\n\nHer reign became defined by geopolitical confrontation with Catholic Europe, especially Philip II of Spain, culminating in the failed invasion attempt of the Spanish Armada, which became a symbolic turning point in English maritime confidence and national identity. England also expanded its naval power, global exploration, and early colonial ventures during this period, supported by figures such as Francis Drake. Elizabeth maintained a complex intelligence and security network under administrators like Francis Walsingham, enabling her to survive repeated Catholic plots and internal conspiracies aimed at replacing her with Mary, Queen of Scots.\n\nElizabeth's long reign is often associated with a cultural flowering known as the English Renaissance, producing major literary and theatrical figures such as William Shakespeare and advancements in court culture, exploration, and national identity. Her refusal to marry or produce an heir—despite intense diplomatic pressure and court negotiations—preserved her political independence but created a persistent succession crisis that ended only with her death. The crown passed to James I of England, uniting the English and Scottish crowns under the Stuart dynasty. Elizabeth is remembered as one of England's most effective monarchs: politically calculating, ideologically flexible, and strategically conservative, who stabilized religion, expanded England's global reach, and shaped the foundations of early modern state power."
https://upload.wikimedia.org/wikipedia/commons/6/63/JamesIEngland.jpg,James I,england,1603-1625,stuart,"James I of England (also James VI of Scotland) inherited the English throne after the death of Elizabeth I of England, uniting the crowns of England and Scotland under a single monarch and inaugurating the Stuart era. Son of Mary, Queen of Scots, James had already ruled Scotland independently for decades, developing a reputation as an educated, intellectually curious, and theologically engaged monarch, deeply invested in ideas of divine right and kingship theory. His accession in England marked a major dynastic transition, ending the Tudor line and reshaping the political identity of the British Isles.\n\nJames attempted to manage England through a philosophy of strong monarchy grounded in divine right, clashing repeatedly with Parliament over taxation, royal prerogative, and foreign policy. He preferred peace to large-scale continental war, especially avoiding direct involvement in prolonged conflict with Spain, which contrasted with the more militarized expectations of parts of the English political elite. At court, he developed powerful favorites such as Robert Carr, 1st Earl of Somerset and later George Villiers, 1st Duke of Buckingham, whose rapid rise generated resentment among traditional nobles and intensified perceptions of court corruption and favoritism reminiscent of earlier medieval patterns.\n\nHis reign also saw major cultural and intellectual developments, most notably the commissioning of the King James Bible, which profoundly shaped English language, literature, and Protestant religious identity. At the same time, underlying religious tensions persisted, especially among Catholic groups dissatisfied with Protestant rule, culminating in events such as the Gunpowder Plot. James's political philosophy of absolute monarchy increasingly conflicted with England's evolving parliamentary tradition, laying early groundwork for later constitutional struggles under his son Charles I of England. He is often remembered as an intellectually significant but politically uneven ruler whose reign initiated the structural tensions between crown and Parliament that would dominate 17th-century England."
https://upload.wikimedia.org/wikipedia/commons/d/d5/King_Charles_I_after_original_by_van_Dyck.jpg,Charles I,england,1625-1649,stuart,"Charles I of England inherited from James I of England a monarchy increasingly at odds with Parliament over taxation, religion, and the limits of royal authority. A committed believer in divine right monarchy, Charles consistently asserted that kings ruled by God's authority alone, clashing with parliamentary leaders over fiscal control and resistance to forced loans, ship money, and other extra-parliamentary revenues. His marriage to Henrietta Maria of France, a Catholic princess, further intensified suspicions of “popery” among English Protestants, feeding political mistrust during an already tense period of confessional division.\n\nThe breakdown culminated in repeated constitutional crises, especially the conflict with figures such as John Pym and other parliamentary leaders who resisted royal financial and religious policies. Attempts to enforce religious uniformity under Archbishop William Laud provoked deep unrest in both England and Scotland, triggering the Bishops' Wars and forcing Charles into dependence on Parliament for funding. The resulting breakdown in cooperation escalated into the English Civil War between Royalists (Cavaliers) and Parliamentarians (Roundheads), dividing the country along political, religious, and regional lines.\n\nCharles's forces were ultimately defeated by the New Model Army led by Oliver Cromwell, whose disciplined, ideologically motivated troops reshaped modern warfare in England. Charles was captured, tried by Parliament in a historic assertion that a king could be held accountable under law, and executed in 1649 at Whitehall. His death abolished the monarchy and initiated the Commonwealth under Cromwell. Charles remains one of the most controversial English monarchs: personally dignified and intellectually cultivated, yet politically rigid and unable to compromise, whose absolutist convictions directly triggered the collapse of the Stuart monarchy and a fundamental redefinition of sovereignty in England."
https://upload.wikimedia.org/wikipedia/commons/5/51/King_Charles_II_by_John_Michael_Wright_or_studio.jpg,Charles II,england,1660-1685,stuart,"Charles II of England was restored to the throne in 1660 after the collapse of the Commonwealth and the death of Oliver Cromwell, marking the return of monarchy following the English Civil War and Interregnum period. Son of Charles I of England, he spent much of his early life in exile across continental Europe, learning court politics, diplomacy, and survival in a fragmented royalist diaspora. His restoration was widely welcomed after years of republican rule under the Commonwealth and Protectorate.\n\nCharles's reign emphasized political pragmatism, courtly culture, and avoidance of the rigid absolutism that had contributed to his father's downfall. He worked within a restored monarchy that now had to coexist more carefully with Parliament, even as tensions over religion and authority persisted. Religious conflict remained central, particularly fears of Catholic influence due to his secret Treaty of Dover alignment with France and his brother and heir James II of England, which fueled suspicion among Protestant political elites. Domestic crises such as the Great Plague of London and the Great Fire of London occurred during his reign, shaping public anxiety but not overturning his rule.\n\nDespite political challenges, Charles maintained relative stability through political adaptability and personal popularity, cultivating a vibrant Restoration court known for theater, science, and literary culture. His reign saw the re-emergence of institutions like the Royal Society and a broader revival of urban and intellectual life after the austerity of the Puritan era. However, unresolved tensions over succession and religion persisted, setting the stage for the exclusion crisis and later dynastic conflict under his successor. Charles II is often remembered as a politically shrewd and socially influential monarch who restored royal authority while accepting the growing power of Parliament, stabilizing the monarchy after a period of revolutionary upheaval."
https://upload.wikimedia.org/wikipedia/commons/9/99/James_II_by_Peter_Lely.jpg,James II,england,1685-1688,stuart,"James II of England inherited a kingdom already shaped by suspicion of Catholic monarchy after the reign of his brother Charles II of England, with deep political anxiety over succession and religion following the upheavals of the English Civil War. A committed Catholic, James's faith became the central political issue of his reign in a dominantly Protestant political culture, especially after the memory of anti-Catholic sentiment intensified during the Exclusion Crisis under Charles II. His accession immediately triggered fears that England might return to absolutist and Catholic rule in alignment with continental powers such as France under Louis XIV of France.\n\nJames attempted to strengthen royal authority through dispensing power and promotion of religious toleration for Catholics and dissenting Protestants, but his policies were widely interpreted as an attempt to bypass Parliament and re-establish monarchical absolutism. He appointed Catholics to high military and civil positions, maintained a standing army in peacetime, and issued declarations of indulgence suspending penal laws against non-Anglicans. These actions provoked deep resistance among Anglican elites and political leaders, who saw them as unconstitutional and threatening to Protestant supremacy and parliamentary governance.\n\nTensions culminated in the Glorious Revolution, when leading English nobles invited William III of England and Mary II of England to intervene. James's support collapsed rapidly, and he fled England, effectively abdicating without major military resistance. The revolution established parliamentary supremacy and produced the constitutional settlement embodied in the Bill of Rights, fundamentally limiting royal authority and securing Protestant succession. James later attempted to regain his throne with French support but was defeated at the Battle of the Boyne in Ireland. He is remembered as the last Catholic monarch of England and a central figure in the transition from absolutist monarchy to constitutional rule under parliamentary sovereignty."
https://upload.wikimedia.org/wikipedia/commons/8/80/Mary_II_-_Kneller_1690.jpg,Mary II,england,1689-1694,stuart,"Mary II of England became joint monarch of England after the Glorious Revolution, ruling alongside her husband William III of England following the invitation of English political elites who opposed the Catholic and absolutist direction of her father James II of England. A Protestant princess raised in a politically tense environment marked by religious conflict after the English Civil War, Mary's accession symbolized the restoration of Protestant constitutional monarchy and the rejection of unilateral royal authority. Her legitimacy was widely accepted because it combined hereditary succession with parliamentary approval.\n\nMary played a significant role in consolidating the new constitutional order, supporting the framework established by the Bill of Rights (1689), which permanently limited royal prerogative and affirmed parliamentary supremacy. While William III was often engaged in military campaigns against France under Louis XIV of France, Mary acted as regent in England, exercising practical authority over domestic governance. She managed state affairs effectively, maintained political stability, and ensured cooperation between the crown and Parliament during a period of continued war and financial strain.\n\nHer reign was also shaped by personal and dynastic tensions: Mary and William had no surviving children, and Mary's relationship with her sister Anne, Queen of Great Britain became central to succession planning. Mary's early death from smallpox ended the joint monarchy, leaving William to rule alone. She is remembered as a capable, dutiful, and politically stabilizing monarch whose brief reign helped secure the success of the Glorious Revolution and the establishment of England's constitutional monarchy."
https://upload.wikimedia.org/wikipedia/commons/7/78/King_William_III_of_England%2C_%281650-1702%29.jpg,William III,england,1689-1702,orange-nassau,"William III of England (William of Orange) became king through the Glorious Revolution, when English political and religious elites invited him to intervene against his father-in-law James II of England due to fears of Catholic absolutism. Already the Stadtholder of the Dutch Republic, William brought with him military experience, financial sophistication, and a long-standing strategic rivalry with France under Louis XIV of France. His invasion of England met little sustained resistance, as James's support collapsed, leading to James's flight and William's acceptance of the crown jointly with Mary II of England.\n\nWilliam's reign was defined by constitutional transformation and near-constant warfare with France. Domestically, he accepted and reinforced the parliamentary settlement established by the Bill of Rights, effectively ending the era of absolutist monarchy and establishing a system where the crown ruled in partnership with Parliament. He relied heavily on English financial institutions such as the Bank of England and expanded state capacity to fund large standing armies and naval operations, marking a shift toward modern fiscal-military statehood. Politically, he governed in close cooperation with Parliament, though personal popularity in England was often limited due to his foreign origins and reserved temperament.\n\nInternationally, William's central strategic focus was the containment of French expansion under Louis XIV, leading to the Nine Years' War, in which England became a key member of the Grand Alliance. Military campaigns in Ireland, including the decisive Battle of the Boyne, secured Protestant control and weakened Jacobite resistance. Despite ongoing health problems and multiple assassination plots, William maintained the new constitutional order and ensured Protestant succession through the Act of Settlement, shaping the long-term future of the British monarchy. He is remembered as a foundational figure of constitutional monarchy: a foreign-born ruler who nonetheless decisively ended absolutist rule in England and embedded parliamentary supremacy at the core of the state."
https://upload.wikimedia.org/wikipedia/commons/e/e9/Dahl%2C_Michael_-_Queen_Anne_-_NPG_6187.jpg,Anne,england/great britain,1702-1707,stuart,"Anne, Queen of Great Britain became the final Stuart monarch and presided over the crucial constitutional and dynastic transition that formally unified England and Scotland into the Kingdom of Great Britain under the Acts of Union 1707. Daughter of James II of England and sister-in-law of William III of England and Mary II of England, Anne inherited a constitutional monarchy already firmly shaped by the post-Glorious Revolution settlement, in which royal authority was permanently constrained by Parliament and Protestant succession was legally entrenched.\n\nHer reign was dominated by the massive European conflict of the War of the Spanish Succession against France under Louis XIV of France, in which Britain emerged as a major military and naval power. Commanders such as John Churchill, 1st Duke of Marlborough achieved major victories including Blenheim, Ramillies, and Oudenarde, establishing Britain as a dominant force in European coalition warfare. At home, government increasingly operated through party politics, especially rivalry between Whigs and Tories, marking a shift away from personal monarchical rule toward parliamentary governance.\n\nAnne's personal life was marked by repeated pregnancies that ended in miscarriage or infant death, leaving her without surviving heirs and creating a looming succession crisis. Despite fragile health and periods of incapacitation, she remained politically engaged, balancing court factions and maintaining stability during wartime. The Act of Settlement ensured the crown would pass to the Protestant Hanoverian line, leading after her death to the accession of George I of Great Britain. Anne is remembered as a transitional monarch: the last Stuart sovereign, a wartime queen under whom Britain emerged as a major European power, and the ruler during whose reign constitutional monarchy and party politics became firmly entrenched."
