image,name,years,occupation,country,excerpt
https://commons.wikimedia.org/wiki/Special:FilePath/Leonardo self.jpg,Leonardo da Vinci,1452-1519,polymath,italy,"The archetypal Renaissance man, Leonardo painted the Mona Lisa and The Last Supper while filling thousands of notebook pages with studies of anatomy, flight, hydraulics, and optics.\n\nHe embodied the era's conviction that art and science were a single pursuit of understanding nature."
https://commons.wikimedia.org/wiki/Special:FilePath/Nikolaus Kopernikus.jpg,Nicolaus Copernicus,1473-1543,scientist/astronomer,poland,"A church canon and astronomer, Copernicus proposed that the Earth and planets orbit the Sun, overturning the 1,400-year-old Earth-centered cosmos of Ptolemy.\n\nPublished as he lay dying in 1543, his work opened the Scientific Revolution."
https://commons.wikimedia.org/wiki/Special:FilePath/Justus Sustermans - Portrait of Galileo Galilei%2C 1636.jpg,Galileo Galilei,1564-1642,scientist/astronomer,italy,"Turning the newly invented telescope to the sky, Galileo discovered the moons of Jupiter and the phases of Venus, confirming the Copernican system.\n\nHis insistence on observation over authority led to his condemnation by the Inquisition, but earned him the title of father of modern science."
https://commons.wikimedia.org/wiki/Special:FilePath/Shakespeare.jpg,William Shakespeare,1564-1616,playwright,england,"The most influential writer in the English language, Shakespeare wrote some 38 plays and 154 sonnets that still define tragedy, comedy, and the range of human character.\n\nWorking in Elizabethan and Jacobean London, he shaped the very vocabulary of English."
https://commons.wikimedia.org/wiki/Special:FilePath/Johannes Kepler 1610.jpg,Johannes Kepler,1571-1630,scientist/astronomer,germany,"Using Tycho Brahe's meticulous observations, Kepler discovered that planets move in ellipses at varying speeds, replacing the ancient dogma of perfect circular motion.\n\nHis three laws of planetary motion gave Newton the foundation for universal gravitation."
https://commons.wikimedia.org/wiki/Special:FilePath/GodfreyKneller-IsaacNewton-1689.jpg,Isaac Newton,1643-1727,scientist/physicist,england,"Newton's Principia unified the heavens and the Earth under three laws of motion and a single law of gravity, and he co-invented calculus to describe them.\n\nHis mechanics governed physics for two centuries and remains the language of everyday engineering."
https://commons.wikimedia.org/wiki/Special:FilePath/Carl von Linné.jpg,Carl Linnaeus,1707-1778,scientist/botanist,sweden,"Linnaeus devised the binomial naming system that gives every living thing a two-part Latin name, bringing order to the chaos of natural description.\n\nHis Systema Naturae is the foundation of modern taxonomy."
https://commons.wikimedia.org/wiki/Special:FilePath/Wolfgang-amadeus-mozart 1.jpg,Wolfgang Amadeus Mozart,1756-1791,composer,austria,"A prodigy who toured Europe as a child, Mozart composed over 600 works spanning symphony, opera, and concerto with unmatched fluency.\n\nHe died at 35, leaving the Requiem unfinished and the Classical style at its height."
https://commons.wikimedia.org/wiki/Special:FilePath/Napoleon in His Study.jpg,Napoleon Bonaparte,1769-1821,military leader,france,"Rising from the turmoil of the French Revolution, Napoleon crowned himself Emperor and redrew the map of Europe through a decade of conquest.\n\nDefeated at Waterloo and exiled, he left behind the Napoleonic Code that still underpins civil law across much of the world."
https://commons.wikimedia.org/wiki/Special:FilePath/Beethoven.jpg,Ludwig van Beethoven,1770-1827,composer,germany,"Beethoven bridged the Classical and Romantic eras, expanding the symphony into a vehicle for personal and political expression.\n\nHe continued composing masterpieces, including the Ninth Symphony, after becoming almost completely deaf."
https://commons.wikimedia.org/wiki/Special:FilePath/James Clerk Maxwell.png,James Clerk Maxwell,1831-1879,scientist/physicist,scotland,"Maxwell's equations unified electricity, magnetism, and light into a single electromagnetic theory, predicting that light itself is an electromagnetic wave.\n\nHis work bridged Newton and Einstein and made radio, radar, and modern communication possible."
https://commons.wikimedia.org/wiki/Special:FilePath/Dmitri Mendeleev.jpg,Dmitri Mendeleev,1834-1907,scientist/chemist,russia,"Mendeleev arranged the known elements into the periodic table, and boldly left gaps for elements not yet discovered.\n\nWhen gallium and germanium were found with the properties he predicted, the table became one of science's great triumphs."
https://commons.wikimedia.org/wiki/Special:FilePath/Charles Darwin seated crop.jpg,Charles Darwin,1809-1882,scientist/naturalist,england,"Drawing on his voyage aboard the Beagle, Darwin argued in On the Origin of Species that life evolves through natural selection acting on inherited variation.\n\nHis theory reshaped biology and humanity's understanding of its own place in nature."
https://commons.wikimedia.org/wiki/Special:FilePath/Abraham Lincoln O-77 matte collodion print.jpg,Abraham Lincoln,1809-1865,statesman,united states,"Lincoln led the United States through its Civil War, preserving the Union and issuing the Emancipation Proclamation that set the end of slavery in motion.\n\nHe was assassinated in 1865, weeks after the Confederacy's surrender."
https://commons.wikimedia.org/wiki/Special:FilePath/Mahatma-Gandhi%2C studio%2C 1931.jpg,Mahatma Gandhi,1869-1948,activist,india,"Gandhi led India's independence movement through mass nonviolent civil disobedience, from the Salt March to the campaign to quit India.\n\nHis philosophy of satyagraha inspired civil rights and freedom movements around the world."
https://commons.wikimedia.org/wiki/Special:FilePath/Marie Curie c1920.jpg,Marie Curie,1867-1934,scientist/physicist,poland,"Curie coined the term radioactivity and, with her husband Pierre, discovered the elements polonium and radium.\n\nShe remains the only person to win Nobel Prizes in two different sciences, physics and chemistry, and died from the radiation she studied."
https://commons.wikimedia.org/wiki/Special:FilePath/Sir Winston Churchill - 19086236948.jpg,Winston Churchill,1874-1965,statesman,united kingdom,"As Britain's prime minister during the Second World War, Churchill's defiance and oratory rallied the nation through its darkest year against Nazi Germany.\n\nA writer and historian as well as a politician, he won the Nobel Prize in Literature in 1953."
https://commons.wikimedia.org/wiki/Special:FilePath/Niels Bohr.jpg,Niels Bohr,1885-1962,scientist/physicist,denmark,"Bohr proposed that electrons occupy fixed quantum orbits, explaining the spectrum of hydrogen and launching quantum theory.\n\nHis Copenhagen institute became the hub of twentieth-century physics, and his debates with Einstein defined how we interpret the quantum world."
https://commons.wikimedia.org/wiki/Special:FilePath/Einstein 1921 by F Schmutzer - restoration.jpg,Albert Einstein,1879-1955,scientist/physicist,germany,"Einstein's theories of special and general relativity recast space, time, and gravity, while his work on the photoelectric effect helped found quantum physics.\n\nA refugee from Nazi Germany, he became the twentieth century's symbol of scientific genius."
https://commons.wikimedia.org/wiki/Special:FilePath/Pablo picasso 1.jpg,Pablo Picasso,1881-1973,artist,spain,"Co-founder of Cubism, Picasso shattered the conventions of representation and reinvented his own style repeatedly across a seventy-year career.\n\nHis anti-war mural Guernica remains one of the most powerful political images in art."
https://commons.wikimedia.org/wiki/Special:FilePath/Nelson Mandela-2008 (edit).jpg,Nelson Mandela,1918-2013,statesman,south africa,"Imprisoned for 27 years for resisting apartheid, Mandela emerged to negotiate its peaceful end and became South Africa's first democratically elected president.\n\nHe championed reconciliation over revenge, becoming a global symbol of moral leadership."
