image,event,tradition,year,region,excerpt
https://commons.wikimedia.org/wiki/Special:FilePath/Rigveda MS2097.jpg,Composition of the Vedas,Hinduism,c. 1500 BC,south asia,"The oldest layer of Hindu scripture, the Rigveda was composed and transmitted orally in Vedic Sanskrit, anchoring Hindu ritual and cosmology."
https://commons.wikimedia.org/wiki/Special:FilePath/Rembrandt - Moses with the Ten Commandments - Google Art Project.jpg,The Exodus and Ten Commandments,Judaism,c. 1200 BC,sinai,"Central to Jewish identity, the Exodus narrative and the giving of the Law at Sinai establish the covenant between God and Israel."
https://commons.wikimedia.org/wiki/Special:FilePath/Faravahar.svg,Teachings of Zoroaster,Zoroastrianism,c. 1000 BC,persia,"Zoroaster preached a dualist cosmos of truth versus falsehood under the god Ahura Mazda, influencing later monotheisms."
https://commons.wikimedia.org/wiki/Special:FilePath/Buddha in Sarnath Museum (Dhammajak Mutra).jpg,Enlightenment of the Buddha,Buddhism,c. 500 BC,south asia,"Siddhartha Gautama attained enlightenment and taught the Four Noble Truths and the Eightfold Path as the way out of suffering."
https://commons.wikimedia.org/wiki/Special:FilePath/Confucius Tang Dynasty.jpg,Teachings of Confucius,Confucianism,c. 500 BC,china,"Confucius taught an ethics of ren (benevolence) and li (ritual propriety) that shaped Chinese governance and society for millennia."
https://commons.wikimedia.org/wiki/Special:FilePath/Cristo crucificado.jpg,Crucifixion of Jesus,Christianity,c. 30,judea,"The crucifixion and reported resurrection of Jesus of Nazareth became the foundation of Christian faith and the New Testament."
https://commons.wikimedia.org/wiki/Special:FilePath/Kaaba mirror edit jj.jpg,The Hijra of Muhammad,Islam,622,arabia,"Muhammad's migration from Mecca to Medina marks year one of the Islamic calendar and the founding of the first Muslim community."
https://commons.wikimedia.org/wiki/Special:FilePath/Hagia Sophia Mars 2013.jpg,The Great Schism,Christianity,1054,byzantium,"Mutual excommunications split Christianity into the Roman Catholic West and Eastern Orthodox churches over authority and doctrine."
https://commons.wikimedia.org/wiki/Special:FilePath/Martin Luther by Cranach-restoration.jpg,The Protestant Reformation,Christianity,1517,europe,"Martin Luther's Ninety-five Theses challenged indulgences and papal authority, fracturing Western Christianity and reshaping Europe."
