image,discovery,scientist,year,field,excerpt
,Amber and Static Electricity,Thales of Miletus,600 BC,electricity & magnetism,"According to accounts later recorded by Aristotle, the Greek philosopher Thales of Miletus observed that a piece of amber, once rubbed with cloth, would attract light bits of straw or dry grass. Though the story reaches us only as secondhand tradition, it stands as the earliest recorded brush with electrical phenomena, showing that thinkers were puzzling over the strange attractive powers of rubbed materials more than two millennia before anyone understood electrons.\n\nThe observation had no theory behind it, but it planted a seed. For centuries this curiosity of fossilized tree sap remained an isolated marvel rather than the doorway to a science."
https://upload.wikimedia.org/wikipedia/commons/f/f2/Nikolaus_Kopernikus.jpg,Heliocentrism,Nicolaus Copernicus,1543,astronomy,"In the year of his death, Copernicus published De revolutionibus, arguing that the Earth and planets circle the Sun rather than sitting motionless at the center of creation. The claim contradicted both common sense and Church teaching, and he prudently framed it as a mathematical convenience.\n\nYet the idea could not be contained, and over the following century it toppled the ancient Earth-centered cosmos and set the Scientific Revolution in motion."
https://upload.wikimedia.org/wikipedia/commons/9/98/Kepler_laws_diagram.svg,Kepler's Laws of Planetary Motion,Johannes Kepler,1609,astronomy,"Beginning in 1609, Kepler released his mathematical analyses of decades of planetary observations, demonstrating that the planets trace elliptical paths with the Sun at one focus rather than moving on the perfect circles demanded by ancient tradition. His conclusions applied to the Earth as well, placing it firmly among the worlds that orbit the Sun. Though buried in dense and difficult prose, these laws became bedrock facts that later thinkers would have to reconcile with any theory of the heavens."
,Galileo's Telescopic Discoveries,Galileo Galilei,1610,astronomy,"In 1610 Galileo turned his newly perfected telescope toward the sky and uncovered a cascade of wonders: spots drifting across the Sun, mountains on the Moon, the phases of Venus, four moons circling Jupiter, and the resolution of the Milky Way into countless stars. These sights shattered the Aristotelian belief in flawless, unchanging heavens and offered concrete evidence for the Sun-centered cosmos. Galileo gathered his findings in The Starry Messenger, a slim book that made him famous across Europe almost overnight."
https://upload.wikimedia.org/wikipedia/commons/c/ca/Galileos_Dialogue_Title_Page.png,Dialogue on the Two Chief World Systems,Galileo Galilei,1632,astronomy,"Granted permission by a friendly new Pope to weigh the competing world systems, Galileo published in 1632 a lively book written in Italian for a general audience rather than scholarly Latin. Cast as a debate among fictional characters, it made the case for the Copernican view so vividly that it sold out instantly, yet the dim-witted defender of tradition convinced the Pope he was being mocked. The resulting fury led to Galileo's trial and lifelong house arrest, though it did little to slow the spread of his ideas."
https://upload.wikimedia.org/wikipedia/commons/5/55/Galileo_Galilei%2C_Discorsi_e_Dimostrazioni_Matematiche_Intorno_a_Due_Nuove_Scienze%2C_1638_%281400x1400%29.png,Two New Sciences,Galileo Galilei,1638,mechanics,"While confined under house arrest in his final years, Galileo composed what many consider his most important work, an exposition of his lifelong study of motion drawn from rolling balls down inclined planes and watching objects fall. The manuscript was quietly carried out of Italy and printed in Holland, escaping the authorities who had silenced him. Its treatment of falling bodies and inertia laid the groundwork for the science of motion and helped explain how a moving Earth could carry everything upon it without notice."
,Torricelli and the Barometer,Evangelista Torricelli,1643,thermodynamics,"A student of Galileo, Torricelli suspected that the well-known 33-foot limit on water siphons had nothing to do with any mysterious fear of a vacuum, but everything to do with the weight of the atmosphere pressing down from above. To test the idea he inverted a tube of dense mercury into a dish, and watched the metal settle at roughly 2.5 feet, leaving genuine empty space above it.\n\nThe result overturned Aristotle's insistence that a vacuum could not exist and revealed that we live at the bottom of a sea of air with real, measurable weight. When Torricelli noticed the mercury level drifting from day to day with the weather, he had unwittingly created the first barometer."
https://upload.wikimedia.org/wikipedia/commons/c/c2/Anselmus-van-Hulle-Hommes-illustres_MG_0539.tif,Von Guericke's Air Pump,Otto von Guericke,1645,thermodynamics,"Inspired by news of Torricelli's experiments, the mayor of Magdeburg turned his amateur enthusiasm for physics into invention and built the first working air pump. Using it to empty a glass vessel, he confirmed that a feather and a ball fall together in the absence of air, just as Galileo had argued. The device gave experimenters their first reliable means of producing and studying a vacuum."
,Pascal's Mountain Barometer,Blaise Pascal,1648,thermodynamics,"In frail health himself, Pascal persuaded his brother-in-law to carry a barometer up a mountain to see whether the mercury column would drop at higher altitude. It did, exactly as expected if the instrument were being supported by the weight of the air above it. The demonstration gave powerful confirmation that atmospheric pressure diminishes with height."
,The Magdeburg Hemispheres,Otto von Guericke,1654,thermodynamics,"Before Emperor Ferdinand III, von Guericke fitted together two large brass hemispheres, pumped the air from inside, and challenged teams of horses to pull them apart. The animals strained in vain, yet the moment a valve let the air back in, the spheres simply fell open. The spectacle made the crushing force of atmospheric pressure vividly, and memorably, undeniable."
,The First Electrostatic Machine,Otto von Guericke,1660,electricity & magnetism,"In Magdeburg, Otto von Guericke built the earliest known machine capable of generating and storing electric charge far larger than a rubbed lump of amber could produce. His device relied on a rotating globe of insulating material electrified by continuous friction against cloth or fur, drawing sparks several centimeters long. The same inventor famous for the evacuated hemispheres now gave electricity its first mechanical amplifier, launching an era of ever-grander charge-building apparatus."
https://upload.wikimedia.org/wikipedia/commons/1/15/Boyles_Law_animated.gif,Boyle's Law,Robert Boyle,1662,thermodynamics,"By sealing air in a cylinder and piling weights upon it, Boyle found a clean rule: double the pressure and the gas shrinks to half its volume, triple it and the volume falls to a third. This inverse relationship between pressure and volume became known as Boyle's Law. He went further, suggesting that air is made of tiny particles separated by empty space, which is why it can be squeezed at all."
,Newton's Prism Experiments on Color,Isaac Newton,1670,optics,"During the 1670s Isaac Newton passed a beam of white light through a prism, split it into a spectrum of colors, and then recombined those colors into white light again with a second prism. This overturned the long-held belief that glass somehow tinted or added color to light, proving instead that color is an intrinsic property of light itself. The work established a foundation for the study of the spectrum, even as Newton's conviction that light was a stream of particles would dominate physics for more than a century."
https://upload.wikimedia.org/wikipedia/commons/e/ee/SOFIA_2.5M_Primary_Mirror.jpg,Newton's Reflecting Telescope,Isaac Newton,1671,optics,"In 1671 Newton built the first practical reflecting telescope, using curved mirrors rather than lenses to gather and focus light. This clever design sidestepped the colored fringes that spoiled the crude refracting instruments of his day. Presenting a model to the Royal Society earned Newton membership and his first real notice beyond Cambridge, drawing the attention of figures like Edmund Halley who would later prove crucial to his career."
,Papin's Pressure Cooker,Denis Papin,1679,thermodynamics,"Part physicist and part gourmet, Papin sealed a vessel to trap steam under pressure and produced heat well above the ordinary boiling point of water. Though he could not yet explain that higher pressure forces molecules to work harder to escape a liquid, he grasped the crucial link between pressure and boiling temperature. His invention foreshadowed the pressurized steam that would later drive engines."
,The Wager on the Inverse-Square Force,Edmond Halley,1684,mechanics,"During a 1684 gathering in London, Christopher Wren, Robert Hooke, and Edmond Halley debated whether the force holding the planets in orbit fell off as the inverse square of distance, and whether such a law could be derived from Kepler's observations. Wren offered a prize to whoever could supply the proof, but neither Hooke's boasts nor Halley's efforts could crack a problem that secretly required calculus. Frustrated, Halley carried the question to Isaac Newton at Cambridge, setting in motion the work that would become modern physics."
,Newton's Principia,Isaac Newton,1687,mechanics,"Goaded by Halley's encouragement and by Hooke's claims of priority, the reclusive Newton finally published his Principia in 1687, a sweeping mathematical treatment of force, motion, and universal gravitation. In it he laid out his three laws of motion and proved that gravity acting as an inverse-square force compels the planets to obey Kepler's laws, while also accounting for the tides and the slow precession of the Earth's axis. The work established the vision of a clockwork, law-governed universe that would dominate scientific thought for two centuries."
,Savery's Miner's Friend,Thomas Savery,1698,thermodynamics,"Savery patented a steam-driven device meant to force floodwater out of mines, marketing it as the Miner's Friend. In practice it failed commercially, defeated by the era's crude metalworking and by steam that condensed uselessly in the cold, uninsulated pipes. Yet it planted the idea of harnessing steam for work, setting minds like Thomas Newcomen's to the problem."
,Darby's Coal Smelting of Iron,Abraham Darby,1709,thermodynamics,"Darby worked out how to refine iron using coal-derived fuel in place of the increasingly scarce and costly charcoal. Since charcoal had to be manufactured by slowly heating wood while coal could simply be dug from the ground, the change reshaped the economics of ironmaking. It also fed a growing hunger for coal that would help drive the age of steam."
https://upload.wikimedia.org/wikipedia/commons/1/16/Newcomen_atmospheric_engine_animation.gif,Newcomen's Steam Engine,Thomas Newcomen,1712,thermodynamics,"After roughly twelve years of effort, Newcomen built a towering steam engine that filled a huge cylinder with steam, then sprayed in cold water to condense it and let atmospheric pressure slam the piston down. Delivering some thirteen tons of force per stroke, it finally gave miners a way to clear deep flooding, though its violent, banging action made it dangerous enough that boys were posted to listen for breaking chains.\n\nThe machines were enormously expensive and barely within the manufacturing skill of the day, yet they worked. Within decades hundreds dotted the English countryside, becoming as characteristic of the landscape as oil derricks in a later era."
,Charging an Insulated Conductor,Charles Du Fay,1734,electricity & magnetism,"Working in Paris, Charles Du Fay corrected a subtle but important error in the understanding of conductors and insulators. Earlier investigators believed metals simply could not hold a static charge, but Du Fay showed that a conductor could indeed retain charge provided it was first isolated from the ground by an insulating support. Without that separation, any excess electrons drain instantly into the Earth, a distinction that proved essential to controlling electricity."
https://upload.wikimedia.org/wikipedia/commons/6/68/Carl_von_Linn%C3%A9.jpg,Binomial Nomenclature,Carl Linnaeus,1735,biology,"With Systema Naturae, Linnaeus introduced the two-part Latin naming system that gives every living thing a genus and species, bringing order to a chaos of local names and vague descriptions. His hierarchical scheme let naturalists across the world finally speak of the same organism with the same word, and it remains the backbone of biological classification today."
,Bernoulli's Kinetic Theory of Gases,Daniel Bernoulli,1738,thermodynamics,"Bernoulli pictured a gas as countless hard, perfectly elastic particles flying about and colliding like corn in a popper, with pressure arising from their ceaseless drumming against the walls. He even showed mathematically that such a swarm would obey Boyle's Law. Ahead of its time, the idea was largely dismissed, since atoms were still deemed too speculative and Newtonian intuition expected particles to drift and interact like tiny planets."
https://upload.wikimedia.org/wikipedia/commons/4/45/Early_Layden_jar.png,Invention of the Leyden Jar,Pieter van Musschenbroek,1745,electricity & magnetism,"In Leyden, Holland, Pieter van Musschenbroek devised a glass jar lined inside and out with metal foil that could store a startlingly large static charge. The Leyden jar became physics's first practical capacitor, letting experimenters accumulate and suddenly release enough electricity to deliver a dangerous, even paralyzing, shock. It transformed electrical study from a matter of feeble sparks into a source of dramatic and controllable discharges."
,Nollet's Monk Chain Demonstration,Jean-Antoine Nollet,1750,electricity & magnetism,"The French physicist Abbe Nollet staged a spectacular demonstration in which roughly a thousand Carthusian monks joined hands in a circle hundreds of feet across before a massive Leyden jar was discharged into the human chain. Every monk leapt into the air at essentially the same instant, vividly showing that an electric discharge travels through a conductor almost instantaneously. Beyond its theatrical flair, the experiment offered early evidence of the enormous speed at which electricity propagates."
https://upload.wikimedia.org/wikipedia/commons/5/5f/Benjamin_West%2C_English_%28born_America%29_-_Benjamin_Franklin_Drawing_Electricity_from_the_Sky_-_Google_Art_Project.jpg,Franklin's Kite Experiment,Benjamin Franklin,1752,electricity & magnetism,"During a June thunderstorm Benjamin Franklin flew a kite into the clouds and used its wet string to charge a Leyden jar, demonstrating that a storm cloud carries electric charge and that lightning is nothing more than a colossal electric spark. From this extraordinarily hazardous test Franklin drew a practical triumph: the lightning rod, a grounded metal spike that safely channels a strike away from a building.\n\nHailed across Enlightenment Europe as reason conquering nature, the discovery cemented Franklin's scientific reputation and reshaped how people understood one of nature's most feared forces."
,Black's Discovery of Heat Capacity,Joseph Black,1760,thermodynamics,"Asked by brewer friends why boiling water devoured so much coal, Black investigated and uncovered the law of heat capacity, showing that the heat needed depends on a substance's mass, its temperature change, and a characteristic constant unique to each material. He read his findings as support for caloric, the imagined fluid then thought to carry heat between bodies. His quantitative approach nonetheless put the measurement of heat on a firm footing."
https://upload.wikimedia.org/wikipedia/commons/2/22/Carnot_heat_engine_2.svg,Black and Latent Heat,Joseph Black,1762,thermodynamics,"Black identified latent heat, the extra energy a substance must absorb to melt or boil beyond what merely raises its temperature, and which it must release again to condense or freeze. The concept explained why so much fuel was consumed simply turning water into steam. He had to disappoint his brewing friends: there was no trick to escape water's stubborn latent heat."
https://upload.wikimedia.org/wikipedia/commons/9/9e/Maquina_vapor_Watt_ETSIIM.jpg,Watt Repairs a Newcomen Engine,James Watt,1764,thermodynamics,"Tasked with fixing a model Newcomen engine at the University of Edinburgh, Watt was struck by how appallingly wasteful it was, squandering nearly all its fuel by repeatedly reheating and recooling the same iron cylinder. Learning of heat capacity from Joseph Black, he saw the root of the problem clearly. He began sketching a design that would condense the spent steam in a separate chamber, keeping the working cylinder always hot."
,The First Balloon Flights,Montgolfier brothers,1783,thermodynamics,"The Montgolfier brothers sent aloft the first hot-air balloon, and when asked what use the marvel could possibly be, one reportedly answered by comparing it to a newborn baby. Later that same year the physicist Jacques Charles recognized that hydrogen would give far greater and more lasting lift, and launched the first hydrogen balloon. Together the flights turned the behavior of heated and lightweight gases into public spectacle."
https://upload.wikimedia.org/wikipedia/commons/9/9e/Maquina_vapor_Watt_ETSIIM.jpg,Watt's Steam Engine,James Watt,1784,thermodynamics,"Backed by the entrepreneur Matthew Boulton, Watt perfected an engine that turned steam power into smooth, continuous rotation suitable for driving factory machinery. A separate condenser made it several times more efficient than Newcomen's, while a double-acting piston, sun-and-planet gearing, and a centrifugal governor gave it power, versatility, and self-regulating control.\n\nThough unrecognized at the time, this machine effectively launched the Industrial Revolution. Like its predecessors it still worked at atmospheric pressure, with steam serving mainly to enable the vacuum that drove the piston."
https://upload.wikimedia.org/wikipedia/commons/1/1f/CoulombsLaw_scal.svg,Coulomb's Law,Charles Coulomb,1785,electricity & magnetism,"In Paris, Charles Coulomb used a delicate torsion balance, a charged ball suspended from a fine wire inside a glass chamber, to make the first precise measurement of the force between electric charges. He found that the force grows with the product of the charges and falls off with the square of the distance between them, a relationship strikingly parallel to Newton's law of gravitation. This quantitative law turned electrostatics into a rigorous, mathematical science."
https://upload.wikimedia.org/wikipedia/commons/e/e4/Charles_and_Gay-Lussac%27s_Law_animated.gif,Charles's Law,Jacques Charles,1787,thermodynamics,"Charles found that a gas near the freezing point of water expands or contracts by about one part in 273 for every degree Celsius of temperature change. Taken literally, the rule implied the unsettling conclusion that a gas would vanish entirely at minus 273 degrees. With no means of artificial refrigeration, no one in 1787 could put that startling extrapolation to the test."
,Lavoisier and Conservation of Mass,Antoine Lavoisier,1789,chemistry,"Widely regarded as the founder of modern chemistry, Lavoisier articulated the principle that mass is conserved through chemical reactions, so that matter is neither created nor destroyed but only rearranged. This insight brought rigor and bookkeeping to chemistry, replacing vague qualitative notions with careful measurement. It became a cornerstone of the atomic understanding of matter that soon followed."
,Rumford's Cannon-Boring Experiment,Count Rumford,1798,thermodynamics,"Overseeing the boring of cannon barrels in 1798, Count Rumford noticed that the cooling water kept heating up even after the drills had grown too dull to cut away any metal. This contradicted the prevailing caloric theory, which held that heat was a fluid squeezed out of the shavings. In a public demonstration he rubbed blunt rods against metal until the water boiled with no shavings produced at all, arguing that motion itself generates heat."
,The Wave Theory of Light Confirmed,Thomas Young,1800,optics,"Just after 1800, Thomas Young, Augustin Fresnel, and others began passing light through extremely narrow slits and observed clear diffraction and interference patterns, hallmarks of wave behavior that particles cannot produce. Because light's wavelength is so tiny, these effects are difficult to detect, and it took until around 1830 for the evidence to become widely convincing. Their work revived the wave picture championed earlier by Huygens and finally displaced Newton's long-dominant particle theory."
,Dalton's Atomic Theory,John Dalton,1801,chemistry,"Observing that elements always combine in fixed weight ratios, Dalton reasoned that each element must be built from atoms of a definite characteristic weight. Compounds then form in whole-number proportions because they are assembled from these indivisible units. His theory gave chemistry a concrete atomic foundation and a way to make sense of its measured regularities."
,The Ideal Gas Law,Joseph Gay-Lussac,1802,thermodynamics,"Independently rediscovering the temperature-volume behavior found by Charles, Gay-Lussac merged it with Boyle's Law into a single relation linking pressure, volume, and temperature. The combined expression became known as the Ideal Gas Law. Though later understood to be only an approximation that no real gas obeys perfectly, it proved accurate enough for the vast majority of practical situations."
,Trevithick's Locomotive,Richard Trevithick,1804,thermodynamics,"Pushing steam engines toward the lighter, high-pressure designs everyone knew could power vehicles, Trevithick built a locomotive that hauled loaded coaches along rails at about five miles per hour. He first showed it off on a circular track, charging spectators for the novelty of a ride. Soon his engine was hauling coal from Welsh mines, earning it a reputation as the first practical locomotive."
,Fulton's Steamboat,Robert Fulton,1807,thermodynamics,"Fulton fitted a steam engine to the boat Clermont and launched the first commercially successful steamboat service. Where earlier steam power had freed mines of water and driven factory looms, it now propelled vessels reliably against current and wind. The venture proved that steam could reshape transportation as thoroughly as it had industry."
,Avogadro's Hypothesis,Amedeo Avogadro,1811,chemistry,"Puzzling over conflicting accounts of how gases combine, Avogadro proposed that equal volumes of any gases at the same temperature and pressure contain the same number of molecules. Acceptance came slowly, but the idea eventually clarified the meaning of the constant in the gas law, revealing it as the molecule count times a universal quantity now called Boltzmann's constant."
,Fraunhofer Lines Discovered,Joseph Fraunhofer,1814,optics,"While testing an exceptionally fine prism he had crafted, the German optician Joseph Fraunhofer discovered that sunlight spread into a spectrum was not a smooth rainbow but was crossed by dozens of narrow dark lines. Earlier observers had missed them because their instruments were too crude to reveal such detail. The origin of these lines baffled physicists and would remain unexplained for roughly forty-five years."
,Oersted Links Electricity and Magnetism,Hans Christian Oersted,1819,electricity & magnetism,"While lecturing at the University of Copenhagen on electric currents and magnets, Hans Christian Oersted noticed that a compass needle left beside a current-carrying wire deflected whenever current flowed. This chance observation, remarkably made in front of a live audience, revealed that an electric current generates a magnetic field around it. It was the first concrete demonstration that electricity and magnetism are intimately connected, opening the road to electromagnetism."
,Carnot and the Limits of Heat Engines,Sadi Carnot,1824,thermodynamics,"Engineers had noticed with astonishment that high-pressure steam engines could be several times more efficient than Watt's, yet no one understood why. In On the Motive Power of Fire, Carnot showed that the maximum possible efficiency of any heat engine depends solely on the temperatures between which it operates, not on its clever mechanical details.\n\nBecause higher pressure means hotter steam, his result explained the mystery at a stroke and revealed a fundamental ceiling on how much work heat can yield. It spurred engineers to chase ever higher steam temperatures in pursuit of both power and economy."
,Joule's Mechanical Equivalent of Heat,James Joule,1843,energy,"In 1843 James Joule measured how tightly mechanical work and heat are linked by letting falling weights drive paddles that churned water inside insulated calorimeters. By tracking how much the stirring warmed the water, he pinned down the conversion between the two, finding that one calorie equals about 4.186 joules. His precise result gave concrete numerical footing to the emerging idea that all forms of energy are interchangeable."
,Conservation of Energy,Hermann Helmholtz,1847,energy,"Drawing on Joule's experiments and other reasoning, Hermann Helmholtz set out the Principle of Conservation of Energy in 1847. The principle holds that energy may shift endlessly among its many forms or move from place to place, yet the total amount in the universe never changes and can be neither created nor destroyed. This unifying idea became one of the central pillars of physics, tying together heat, motion, light, and every other guise energy can take."
,Kelvin and Absolute Zero,William Thomson (Lord Kelvin),1848,thermodynamics,"Reinterpreting Charles's Law, Thomson realized that its extrapolation to minus 273 degrees did not mean a gas literally vanishes, but rather that the thermal motion of its atoms ceases entirely. He named this ultimate cold absolute zero and defined a new temperature scale starting from it. Measured on this Kelvin scale, the gas laws take their cleanest and most meaningful form."
,Fizeau Measures the Speed of Light,Armand Fizeau,1848,optics,"The French physicist Armand Fizeau achieved the first terrestrial measurement of the speed of light, sending a beam through the gaps of a rapidly spinning toothed wheel and reflecting it off a mirror about five miles away. By adjusting the wheel's rotation until a returning flash was blocked by the next tooth, he could calculate light's velocity. The feat proved that this immense speed, once thought unmeasurable, could be pinned down with clever mechanical ingenuity here on Earth."
,Foucault: Light Travels Slower in Water,Jean Foucault,1849,optics,"Using a pair of rapidly rotating mirrors, Jean Foucault measured how fast light travels through a column of water and found it slower than through air. This result was a decisive verdict in the century-old contest between the wave and particle theories: Newton's corpuscular model predicted light should speed up in a dense medium, while the wave theory predicted it should slow down. Foucault's finding fell squarely on the side of waves."
https://upload.wikimedia.org/wikipedia/commons/2/22/Carnot_heat_engine_2.svg,The Second Law of Thermodynamics,Rudolf Clausius,1850,thermodynamics,"Clausius generalized Carnot's insights into what became the Second Law of Thermodynamics, capturing the universe's relentless drift toward disorder. Just as a drop of dye spreads until a glass of water is uniformly tinted, systems tend toward their most probable, randomized states, which is why heat naturally flows from hot to cold.\n\nStrictly speaking the law is statistical rather than absolute, but because real systems contain astronomically many particles, the odds of a violation are so vanishingly small that it holds as firmly as any law in physics."
,Physics Challenges the Age of the Earth,William Thomson (Lord Kelvin),1853,thermodynamics,"As geologists and biologists began arguing that slow natural processes demanded an Earth hundreds of millions of years old, physicists pushed back hard. Lord Kelvin used classical thermodynamics to argue that so ancient an Earth would have cooled into inert rock incapable of volcanism, while Helmholtz calculated that a Sun powered only by gravitational contraction could be no more than about 18 million years old.\n\nThe clash left an enormous gap between the life sciences and physics that persisted for half a century. Under the weight of the criticism, Darwin quietly dropped his specific age estimate from later editions of his work."
,Glowing Vacuum Discharge Tube,Julius Plucker,1858,electricity & magnetism,"Julius Plucker sealed metal plates into an evacuated glass tube and applied a high voltage across them, hoping to coax a visible electric fluid into the open. Instead of any fluid, the tube glowed an eerie green, and he found that a magnet could shift the pattern of the light. He was unknowingly watching free electrons stream across the vacuum and strike the glass, an early hint of the particles that carry electric current."
https://upload.wikimedia.org/wikipedia/commons/2/2e/Charles_Darwin_seated_crop.jpg,Evolution by Natural Selection,Charles Darwin,1859,biology,"Drawing on decades of observation since his voyage aboard the Beagle, Darwin argued in On the Origin of Species that species are not fixed but change over generations as individuals better suited to their environment survive and reproduce. The book met fierce resistance for placing humanity within the web of life rather than above it.\n\nIt became the unifying framework of modern biology, tying together anatomy, geology, and the fossil record into a single sweeping story."
,Spectral Fingerprints of Elements,Gustav Kirchhoff,1859,optics,"Studying the bright lines emitted by glowing elements, Gustav Kirchhoff recognized that each element produces its own unique pattern of frequencies, a kind of spectral fingerprint. He reasoned that the dark lines in the Sun's spectrum and the bright lines from heated laboratory gases were two sides of the same phenomenon: gases in the solar atmosphere absorb exactly the frequencies they would emit if heated. What he still could not explain was how atoms produced these lines in the first place."
https://upload.wikimedia.org/wikipedia/commons/6/6d/Translational_motion.gif,Maxwell's Kinetic Theory of Gases,James Clerk Maxwell,1859,thermodynamics,"Maxwell placed the old kinetic picture of Bernoulli on rigorous mathematical ground, deriving how the speeds of molecules in a gas must be spread across a characteristic bell-shaped curve, now called the Maxwell-Boltzmann distribution. His work tied the average kinetic energy of the molecules directly to the absolute temperature. It marked a triumph of the statistical view of matter, showing that the behavior of countless invisible particles could be captured by precise law."
,The Black Body Concept,Gustav Kirchhoff,1860,thermodynamics,"To sidestep the confusing tangle of spectral lines, Kirchhoff proposed studying light inside a sealed, red-hot chamber viewed through a tiny hole. Because the atoms lining such a cavity both emit and reabsorb their own lines, the escaping radiation forms a smooth, continuous spectrum. This idealized cavity became known as a black body and was seen as the perfect testbed for how heat turns into light."
https://upload.wikimedia.org/wikipedia/commons/c/cd/James_Clerk_Maxwell_Statue_Equations.jpg,Maxwell's Equations,James Clerk Maxwell,1864,electricity & magnetism,"The Scottish physicist James Clerk Maxwell distilled the whole of electricity and magnetism into a compact set of equations that unified the two forces into a single theory of electromagnetism. Remarkably, the equations predicted self-sustaining waves of oscillating electric and magnetic fields traveling through empty space, and Maxwell calculated their speed to be precisely the speed of light, leading him to propose that light itself is an electromagnetic wave.\n\nThough not immediately embraced outside Britain, this synthesis became one of the towering achievements of nineteenth-century physics and set the stage for the discovery of the entire electromagnetic spectrum."
https://upload.wikimedia.org/wikipedia/commons/a/af/Dmitri_Mendeleev.jpg,The Periodic Table,Dmitri Mendeleev,1869,chemistry,"Mendeleev arranged the known elements by atomic weight into rows and columns that grouped substances with similar properties, and boldly left gaps where no element was yet known. When gallium and germanium were later discovered with almost exactly the properties he had predicted for the empty slots, the periodic table was vindicated as one of science's great organizing ideas."
,Cathode Rays Named,Eugen Goldstein,1876,electricity & magnetism,"Continuing Plucker's experiments with current flowing through a vacuum, Eugen Goldstein placed obstacles inside the tube and observed that the glass fluoresced because of a beam streaming from the negative plate, the cathode. He coined the term cathode ray for this mysterious beam. The name would stick to what we now call electrons for the next three decades."
https://upload.wikimedia.org/wikipedia/commons/2/22/Gas_discharge_tube%2C_named_after_William_Crookes%2C_c._1890_-_R%C3%B6ntgen-Ged%C3%A4chtnisst%C3%A4tte_W%C3%BCrzburg_-_W%C3%BCrzburg%2C_Germany_-_DSC04264.jpg,The Crookes Tube,William Crookes,1880,electricity & magnetism,"William Crookes built a far superior vacuum tube and used it to show that cathode rays travel in straight lines, cast crisp shadows, and carry a negative charge. In one striking demonstration he placed a tiny paddle wheel in the tube and watched the rays set it spinning, as if pushed by a stream of tiny projectiles. He concluded that cathode rays must be a flow of charged particles rather than some form of light."
,The Balmer Formula,Johann Balmer,1885,atomic,"Johann Balmer, a Swiss schoolteacher, spent years poring over the spectral lines of glowing hydrogen and finally uncovered a simple formula that predicted their exact frequencies using small whole numbers. He had no idea why the relationship held, but he found it compelling enough to publish. Decades later the formula would prove to be a direct window into the quantized energy levels of the atom."
,First Photoelectric Observation,Heinrich Hertz,1887,quantum,"While working with spark coils, Heinrich Hertz noticed that they sparked more readily when bathed in ultraviolet light. He did not grasp the cause, but this was the very first observation of the photoelectric effect, in which light knocks electrons loose from a metal. The ultraviolet light was freeing electrons that made it easier for a spark to jump the gap."
https://upload.wikimedia.org/wikipedia/commons/f/f4/Michelson_morley_experiment_1887.jpg,The Michelson-Morley Experiment,Michelson and Morley,1887,relativity,"At Case Western in Cleveland, Albert Michelson and Edward Morley built an exquisitely sensitive apparatus to detect the Earth's motion through the luminous ether by comparing the speed of light in different directions. To their bafflement, the speed never varied no matter how the Earth moved or how they oriented the instrument, even though it was far more sensitive than needed to catch the expected effect.\n\nThis celebrated null result, often called the most important failed experiment in history, dismantled confidence in the ether and helped clear the ground for Einstein's relativity."
,Hertz Discovers Radio Waves,Heinrich Hertz,1888,electricity & magnetism,"The German physicist Heinrich Hertz produced and detected invisible electromagnetic waves in his laboratory, confirming Maxwell's prediction that accelerating electric charges should radiate energy as waves. His discovery of what we now call radio waves caused a sensation and settled any lingering doubts about Maxwell's theory. It proved that light was just one member of a vast electromagnetic spectrum and, before long, made possible the age of wireless communication."
https://upload.wikimedia.org/wikipedia/commons/1/19/Black_body.svg,The Ultraviolet Catastrophe,,1890,thermodynamics,"By 1890 spectral lines were still regarded as an ordinary classical puzzle, likened to the harmonics of organ pipes and strings. Meanwhile, physicists measuring black body radiation found its intensity traced a bell-shaped curve against frequency. Classical theory disastrously predicted the energy should climb toward infinity at high frequencies, a failure dubbed the ultraviolet catastrophe that became one of the era's most pressing theoretical problems."
,Discovery of X-Rays,Wilhelm Roentgen,1895,electricity & magnetism,"Wilhelm Roentgen found that Crookes tubes gave off an invisible, penetrating radiation that could fog photographic plates even through paper and wood. Because magnets did not deflect the rays, they clearly were not cathode rays, and Roentgen named them X-rays after the mathematical symbol for the unknown. His famous image of the bones in his wife's hand caused a worldwide sensation, and within a few years doctors were using X-rays for diagnosis."
,The Accidental Discovery of Radioactivity,Henri Becquerel,1896,nuclear & particle,"Inspired by Roentgen's X-rays, Becquerel wondered whether phosphorescent minerals might emit X-rays as they glowed, and tested the idea by resting sun-charged minerals atop wrapped photographic plates. His results were maddeningly inconsistent until, on a cloudy day, he developed a plate that had sat in a drawer beside a barely-exposed uranium compound and found it completely fogged.\n\nThe mineral had not been glowing at all, yet it darkened the plate anyway. Becquerel traced the effect to the uranium itself, unknowingly opening the age of radioactivity."
,Alpha and Beta Rays Identified,Ernest Rutherford,1897,nuclear & particle,"Turning his attention to Becquerel's rays, Rutherford showed that the radiation was not a single thing but a blend of two distinct components. One was heavy, positively charged, and easily stopped by matter, while the other was light, negatively charged, and far more penetrating. Borrowing from the Greek alphabet, he named them alpha and beta rays, terms still in use today."
,Discovery of the Electron,J. J. Thomson,1897,atomic,"Through a careful series of experiments on cathode rays, J. J. Thomson showed they were a stream of tiny charged particles with a mass more than a thousand times smaller than a hydrogen atom. This was the discovery of the electron, the first subatomic particle ever identified. From that moment it became clear that atoms are not indivisible but are themselves built from smaller pieces."
,The Curies Name Radioactivity,Pierre and Marie Curie,1898,nuclear & particle,"Studying the mysterious rays, the Curies found that thorium emitted them too, and coined the word radioactivity for the property. Painstakingly processing tons of pitchblende, they isolated two entirely new elements far more intensely active than uranium. They named one polonium in honor of Marie's native Poland, and the other radium for its fierce radiant power."
,Gamma Rays Detected,Paul Villard,1899,nuclear & particle,"The radioactive frontier expanded rapidly: Debierne pulled yet another element, actinium, from pitchblende, while Becquerel concluded that beta particles were simply electrons traveling at very high energies. Meanwhile Paul Villard detected a third kind of emission that magnets could not bend, marking it as uncharged.\n\nThese penetrating rays outstripped both alpha and beta particles, and Villard named them gamma rays, correctly guessing they were electromagnetic radiation of even shorter wavelength than X-rays."
,Planck's Energy Quanta,Max Planck,1900,quantum,"Max Planck cracked the black body problem by working backward from the experimental data, and found the numbers only fit if atoms exchanged energy in discrete bundles rather than continuously. His formula introduced a new fundamental constant, h, soon recognized as one of nature's basic quantities alongside the speed of light. Ironically, Planck saw his quanta as a mathematical trick, not the revolution they truly were."
,Frequency Threshold of Photoemission,Philipp Lenard,1902,quantum,"Investigating the photoelectric effect, Philipp Lenard discovered a baffling rule: whether electrons were ejected from a metal depended on the light's frequency, not its brightness. Light above a certain frequency freed electrons instantly no matter how dim, while light below that threshold did nothing regardless of intensity. Classical wave theory, which tied a wave's energy to its intensity, simply could not account for this behavior."
,Radioactivity Solves the Age of the Earth,Ernest Rutherford,1903,nuclear & particle,"Rutherford recognized that the bitter dispute over Earth's age could be settled if the planet's interior held traces of radioactive elements. Because rock conducts heat so poorly, even a modest radioactive heat source could keep the Earth geologically alive far longer than Kelvin's inert-rock calculations allowed.\n\nWithin a few years, the long half-lives of the isotopes being discovered pointed to an Earth billions of years old rather than mere millions. Modern measurements confirm a value of roughly 4.5 billion years."
,Einstein Explains the Photoelectric Effect,Albert Einstein,1905,quantum,"Working as a patent clerk, Albert Einstein proposed that light delivers its energy in discrete bundles, later called photons, each carrying an energy set by Planck's relation E = hf. This neatly explained why only light above a certain frequency could dislodge electrons, since each bundle had to be large enough to free one. He predicted a precise equation for the ejected electrons' energy, a bold forecast that would take years of difficult experiment to confirm."
,Special Relativity,Albert Einstein,1905,relativity,"Working obscurely as a patent clerk in Bern, Albert Einstein published On the Electrodynamics of Moving Bodies, resolving the deep conflict between Maxwell's electromagnetism and Newtonian mechanics. He took the radical step of accepting that the speed of light in a vacuum is the same for every observer, and showed that this single postulate forces space and time themselves to stretch and contract, yielding length contraction and time dilation.\n\nThe theory demoted Newtonian physics to an excellent approximation valid only at everyday speeds, while revealing a universe in which measurements of distance and duration depend on the observer's motion. Theoretical physicists embraced it swiftly, drawn by the elegant sense it made of experiments that ether theories could not explain."
,Alpha Particles Are Helium Nuclei,Ernest Rutherford,1906,nuclear & particle,"Rutherford demonstrated that alpha particles brought to rest inside a container turned out to be helium, revealing that an alpha particle is simply a fast-moving helium nucleus of two protons and two neutrons. Once slowed and paired with two electrons, it becomes ordinary helium gas. The blistering speeds of these particles hinted at an extraordinarily energetic process inside radioactive elements, one that Einstein had already explained in 1905 with E = mc squared."
,The Gold Foil Experiment and the Nucleus,Geiger and Marsden,1909,atomic,"Working under Rutherford in Manchester, Geiger and Marsden fired alpha particles at a thin sheet of gold foil. Most sailed straight through as if the foil were barely there, but a rare few were deflected sharply, and a handful bounced almost directly back as though striking something immovable.\n\nThis startling result led Rutherford to his solar-system picture of the atom: mostly empty space surrounding a tiny, astonishingly dense central nucleus."
,Millikan's Oil Drop Experiment,Robert Millikan,1911,electricity & magnetism,"Robert Millikan sprayed fine oil droplets into a chamber and balanced individual charged droplets against gravity using an adjustable electric field, watching them through a microscope. After painstaking years he measured the electron's charge to within one percent and showed that all charges came in whole-number multiples of that value. This gave powerful evidence that the electron's charge is the smallest, most fundamental unit of electric charge in nature."
,The Concept of Isotopes,Frederick Soddy,1913,atomic,"As radioactivity research matured, it became clear that a single element could come in several varieties, some radioactive and some not. Soddy and Richards showed that the distinction lay in the weight of the atomic nucleus, with different-weight versions of the same element existing side by side. They named these variants isotopes, from the Greek for same place, since they occupy the same slot on the periodic table."
https://upload.wikimedia.org/wikipedia/commons/9/93/Bohr_atom_model.svg,The Bohr Atomic Model,Niels Bohr,1913,quantum,"To rescue Rutherford's atom from collapse, Niels Bohr proposed that electrons can only occupy certain fixed energy levels and can absorb or release energy only in quantized jumps between them. This not only stabilized the atom but also explained spectral lines, since each jump emits or absorbs a photon of a specific frequency. Bohr even derived Balmer's formula from first principles, though his model could not capture finer spectral details or extend beyond hydrogen."
https://upload.wikimedia.org/wikipedia/commons/3/3e/Einstein_1921_by_F_Schmutzer_-_restoration.jpg,General Relativity,Albert Einstein,1915,relativity,"A decade after special relativity, Einstein reimagined gravity not as a force but as the curvature of spacetime produced by mass and energy, with planets following the straightest possible paths through a warped geometry. The theory predicted that starlight would bend as it grazed the Sun, a prediction dramatically confirmed during the solar eclipse of 1919 and one that made Einstein world-famous overnight."
,Mass Defect as the Source of Nuclear Energy,William Harkins,1915,nuclear & particle,"Harkins noticed that a helium atom weighs slightly less than four times the mass of a single proton. He argued that the missing mass had been transformed into energy according to Einstein's E = mc squared, and that this conversion was precisely the origin of the immense energy locked inside atomic nuclei."
,Electron Shells and Chemistry,Gilbert Lewis,1916,atomic,The American chemist Gilbert Lewis proposed that electrons arrange themselves into quantum shells surrounding the atomic nucleus. He suggested this shell structure is the fundamental basis for how atoms bond and react chemically. The idea proved correct and became a cornerstone linking quantum physics to chemistry.
https://upload.wikimedia.org/wikipedia/commons/5/57/Li6-D_Reaction.svg,The First Artificial Nuclear Reaction,Ernest Rutherford,1919,nuclear & particle,"Still bombarding matter with alpha particles, Rutherford managed to make a helium nucleus react with a nitrogen nucleus, producing a proton and an oxygen nucleus. It was the first nuclear reaction ever deliberately engineered by human hands, and it made Rutherford the first person in history to transform one element into another."
https://upload.wikimedia.org/wikipedia/commons/d/d2/Broglie_Big.jpg,De Broglie's Matter Waves,Louis de Broglie,1923,quantum,"Louis de Broglie argued that if light can behave like a particle, then particles of matter should likewise behave like waves, with a wavelength set by Planck's constant divided by momentum. Because that constant is so tiny, only very light particles would show noticeable wave behavior, leading him to single out electrons as the best candidates. He boldly predicted that electrons could be diffracted just like X-rays, a claim soon put to the test."
,Heisenberg's Matrix Mechanics,Werner Heisenberg,1925,quantum,"At just twenty-four, Werner Heisenberg rejected the old planetary picture of tilted and elliptical electron orbits as useless for understanding spectra. In its place he built matrix mechanics, manipulating abstract arrays of numbers representing energy and momentum without any visual model of the electron's motion. This abstract approach marked the true birth of modern quantum mechanics."
,Schrodinger's Wave Equation,Erwin Schrodinger,1926,quantum,"Almost at the same time as Heisenberg, Erwin Schrodinger developed a rival formulation in which the electron is treated as a spread-out wave that collapses to a point only when it interacts with matter. His wave equation implied that an electron's exact position is nearly meaningless, and that one can only calculate the relative probability of finding it in one place versus another. Within months it was shown that his wave mechanics and Heisenberg's matrix mechanics were mathematically identical."
,Heisenberg's Uncertainty Principle,Werner Heisenberg,1927,quantum,"Heisenberg announced his Uncertainty Principle, which holds that a particle's position and momentum cannot both be known with perfect precision at the same time. This is not a limitation of instruments but a fundamental feature of nature at the quantum scale, holding even for a hypothetically flawless measuring device. The same trade-off applies to energy and time, embedding a basic fuzziness into the fabric of physics."
,Davisson-Germer Electron Diffraction,Clinton Davisson and Lester Germer,1927,quantum,"While studying nickel oxidation, Davisson and Germer accidentally turned their sample into a single crystal after a mishap melted and recrystallized it, and they noticed electrons now scattered into sharp beams. Unaware of de Broglie's or Schrodinger's work, they nearly published a trivial explanation until European colleagues recognized what they had actually seen. The electrons were diffracting off the crystal's atoms and interfering like waves, providing direct experimental proof of the wave nature of matter."
https://upload.wikimedia.org/wikipedia/commons/b/bf/Synthetic_Production_of_Penicillin_TR1468.jpg,Penicillin,Alexander Fleming,1928,medicine,"Returning to a cluttered laboratory, Fleming noticed that a stray mold had killed the bacteria on one of his culture plates, and identified the substance it released as a powerful antibiotic. Though he struggled to purify it, the discovery of penicillin opened the age of antibiotics, saving countless lives once others learned to mass-produce it during the Second World War."
,Dirac Predicts Antimatter,Paul Dirac,1930,quantum,"In his effort to unite relativity with quantum mechanics, Dirac produced the equation that now bears his name. He noticed that it demanded negative-energy states for particles like the electron, and from this bold mathematical consequence he predicted the existence of antimatter years before anyone observed it."
,The Neutrino Proposed,Wolfgang Pauli,1931,nuclear & particle,"For over a decade, physicists had been baffled that electrons from beta decay emerged with a spread of energies rather than a single fixed value, suggesting energy was vanishing in some random way. Some even wondered whether conservation of energy itself was breaking down.\n\nPauli and Fermi resolved the crisis by proposing that beta decay releases a second, nearly undetectable neutral particle that carries off the missing energy. Fermi named it the neutrino, Italian for little neutral one."
,Chadwick Detects the Neutron,James Chadwick,1932,nuclear & particle,"By bombarding beryllium with alpha particles, Chadwick knocked loose a stream of neutral particles and became the first physicist to detect the neutron directly. The discovery completed the basic picture of the nucleus as a bundle of protons and neutrons and gave physicists a powerful new probe for future experiments."
,Anderson Discovers the Positron,Carl Anderson,1932,nuclear & particle,"While photographing cosmic rays, Anderson spotted tracks that looked exactly like those of electrons but curved the wrong way in his magnetic field. He realized he was seeing a positively charged electron, the antielectron that Dirac had predicted, and named it the positron. Because a positron annihilates in a burst of gamma rays the instant it meets an ordinary electron, such particles never survive for long once created."
,Artificial Radioactivity,Frederic Joliot and Irene Curie,1934,nuclear & particle,"The husband-and-wife team, with Irene being the daughter of Marie Curie, bombarded aluminum with alpha particles and produced phosphorus-30. It was the first artificially created radioactive element, showing that humans could manufacture radioactivity rather than merely find it in nature."
,Yukawa and the Strong Force,Hideki Yukawa,1935,nuclear & particle,"Yukawa proposed that the protons and neutrons in a nucleus are bound together by an immensely powerful new force, which he called the strong force. Drawing on Dirac's ideas, he argued that such a force must be carried by quanta that briefly borrow their energy by flickering in and out of existence. From the known sizes of atomic nuclei, he estimated that this exchange particle should carry a mass roughly two hundred times that of the electron."
,How Nuclear Fusion Powers the Sun,Hans Bethe,1938,astronomy,"By this time it was clear that Helmholtz's old 18-million-year Sun was wildly wrong, since both the Sun and Earth draw on nuclear energy. Yet the Sun's output was far too vast to be explained by trace radioactivity as on Earth.\n\nBethe worked out in detail how nuclear fusion could sustain the Sun through the proton-proton chain, in which four hydrogen atoms are ultimately fused into one helium atom, converting about 0.7 percent of the mass into energy."
,The Discovery of Nuclear Fission,Otto Hahn and Lise Meitner,1938,nuclear & particle,"Bombarding uranium with neutrons, Hahn and Meitner found that the enormous nucleus could be split roughly in two by a single neutron. Meitner, who was Jewish, fled to Sweden as Germany annexed Austria and, together with her nephew Otto Frisch, prepared the theoretical explanation of the process.\n\nFrisch carried word of the discovery to Bohr, who spread the news among American physicists in early 1939, setting off a chain of events with world-changing consequences."
,Szilard and the Fission Chain Reaction,Leo Szilard,1939,nuclear & particle,"Having escaped Nazi-occupied Europe for the United States, Szilard grasped that nuclear fission could be harnessed to drive a self-sustaining chain reaction. Fearing what such power would mean in German hands, he launched a campaign urging fellow scientists to voluntarily keep their nuclear research secret, and largely succeeded."
,The Creation of Plutonium,McMillan and Abelson,1940,nuclear & particle,"By bombarding uranium, element 92, with neutrons, McMillan and Abelson produced plutonium, element 93, becoming the first to synthesize a wholly new element beyond uranium. In working to isolate the plutonium, Abelson pioneered methods for separating rare radioactive isotopes from common ones, a first step toward enriched uranium."
,The Manhattan Project Begins,,1941,nuclear & particle,"Prompted in part by a letter signed by Albert Einstein and other leading physicists warning that Nazi Germany might master nuclear fission first, President Franklin D. Roosevelt issued a secret order launching the Manhattan Project. It committed the United States to a covert, all-out effort to build an atomic weapon."
,Muon Time Dilation Detected,,1941,relativity,"Physicists demonstrated relativity's reality by studying muons, unstable particles created when cosmic rays strike the upper atmosphere. A muon's brief lifetime should let it travel only a few hundred meters before decaying, yet these particles routinely reach the ground from altitudes of many kilometers. The explanation is time dilation: moving at nearly the speed of light, the muons age so slowly from our vantage point that they survive the long journey, turning an abstract prediction into a directly observed fact."
,The First Controlled Chain Reaction,Enrico Fermi,1942,nuclear & particle,"Now a refugee from Fascist Italy, Fermi was charged with achieving a controlled chain reaction. Beneath the stands of a University of Chicago football stadium, his team assembled the world's first nuclear reactor from a carefully stacked pile of uranium, graphite, and cadmium.\n\nOn the afternoon of December 2, the pile was allowed to go critical for a few seconds, proving that practical nuclear energy was real. Young physicists stood ready with buckets of cadmium solution in case the reaction ran away."
,The First Atomic Bombs,,1945,nuclear & particle,"Before dawn on July 16, the first atomic bomb was detonated in the New Mexico desert, capping three years of feverish work at secret sites in Hanford, Oak Ridge, and Los Alamos. Fermi famously gauged its power on the spot by tossing scraps of paper into the air and watching how far the blast blew them.\n\nBarely a month later, atomic bombs devastated Hiroshima and Nagasaki, killing well over a hundred thousand people and bringing the swift surrender of Imperial Japan."
https://upload.wikimedia.org/wikipedia/commons/d/db/DNA_orbit_animated_static_thumb.png,The Structure of DNA,Watson & Crick,1953,biology,"Building crucially on Rosalind Franklin's X-ray images, James Watson and Francis Crick deduced that DNA is a double helix, two strands winding around each other and joined by paired bases. The structure instantly suggested how genetic information is copied, as each strand serves as a template for a new partner, and it launched the era of molecular biology."
https://upload.wikimedia.org/wikipedia/commons/2/2e/Earth_to_Sun_-_en.png,Light Speed Independent of Source,,1964,relativity,"A particle accelerator hurled a beam of pions across a laboratory at more than 99.9 percent of the speed of light, and when these particles decayed they emitted gamma rays. Measurements showed the gamma rays traveled at exactly the speed of light, not that speed plus the enormous velocity of their source, exactly as relativity demands and in flat contradiction to Newtonian velocity addition. It was among the most direct confirmations that light speed cannot simply be added to the motion of its emitter."
,Flying Atomic Clocks Confirm Time Dilation,,1971,relativity,"Two extraordinarily precise atomic clocks were synchronized, after which one was flown aboard a jet aircraft around the world while its twin stayed on the ground. When reunited, the traveling clock had fallen measurably behind, having lost a tiny fraction of time exactly as relativity's time dilation predicts. This confirmation showed that the warping of time is not a mere theoretical curiosity but a genuine, measurable feature of the everyday world."
